year,state,month,number,date
1998,Acre,Janeiro,0,19980101
1999,Acre,Janeiro,0,19990101
2000,Acre,Janeiro,0,20000101
2001,Acre,Janeiro,0,20010101
2002,Acre,Janeiro,0,20020101
2003,Acre,Janeiro,10,20030101
2004,Acre,Janeiro,0,20040101
2005,Acre,Janeiro,12,20050101
2006,Acre,Janeiro,4,20060101
2007,Acre,Janeiro,0,20070101
2008,Acre,Janeiro,0,20080101
2009,Acre,Janeiro,0,20090101
2010,Acre,Janeiro,1,20100101
2011,Acre,Janeiro,0,20110101
2012,Acre,Janeiro,0,20120101
2013,Acre,Janeiro,0,20130101
2014,Acre,Janeiro,0,20140101
2015,Acre,Janeiro,1,20150101
2016,Acre,Janeiro,12,20160101
2017,Acre,Janeiro,0,20170101
1998,Acre,Fevereiro,0,19980101
1999,Acre,Fevereiro,0,19990101
2000,Acre,Fevereiro,0,20000101
2001,Acre,Fevereiro,0,20010101
2002,Acre,Fevereiro,1,20020101
2003,Acre,Fevereiro,0,20030101
2004,Acre,Fevereiro,3,20040101
2005,Acre,Fevereiro,0,20050101
2006,Acre,Fevereiro,0,20060101
2007,Acre,Fevereiro,5,20070101
2008,Acre,Fevereiro,0,20080101
2009,Acre,Fevereiro,2,20090101
2010,Acre,Fevereiro,0,20100101
2011,Acre,Fevereiro,0,20110101
2012,Acre,Fevereiro,0,20120101
2013,Acre,Fevereiro,0,20130101
2014,Acre,Fevereiro,0,20140101
2015,Acre,Fevereiro,2,20150101
2016,Acre,Fevereiro,5,20160101
2017,Acre,Fevereiro,1,20170101
1998,Acre,Mar�o,0,19980101
1999,Acre,Mar�o,0,19990101
2000,Acre,Mar�o,11,20000101
2001,Acre,Mar�o,0,20010101
2002,Acre,Mar�o,0,20020101
2003,Acre,Mar�o,0,20030101
2004,Acre,Mar�o,0,20040101
2005,Acre,Mar�o,3,20050101
2006,Acre,Mar�o,0,20060101
2007,Acre,Mar�o,2,20070101
2008,Acre,Mar�o,0,20080101
2009,Acre,Mar�o,1,20090101
2010,Acre,Mar�o,0,20100101
2011,Acre,Mar�o,0,20110101
2012,Acre,Mar�o,1,20120101
2013,Acre,Mar�o,2,20130101
2014,Acre,Mar�o,1,20140101
2015,Acre,Mar�o,2,20150101
2016,Acre,Mar�o,0,20160101
2017,Acre,Mar�o,0,20170101
1998,Acre,Abril,0,19980101
1999,Acre,Abril,0,19990101
2000,Acre,Abril,1,20000101
2001,Acre,Abril,0,20010101
2002,Acre,Abril,0,20020101
2003,Acre,Abril,1,20030101
2004,Acre,Abril,2,20040101
2005,Acre,Abril,1,20050101
2006,Acre,Abril,0,20060101
2007,Acre,Abril,0,20070101
2008,Acre,Abril,0,20080101
2009,Acre,Abril,0,20090101
2010,Acre,Abril,3,20100101
2011,Acre,Abril,2,20110101
2012,Acre,Abril,1,20120101
2013,Acre,Abril,19,20130101
2014,Acre,Abril,7,20140101
2015,Acre,Abril,3,20150101
2016,Acre,Abril,0,20160101
2017,Acre,Abril,1,20170101
1998,Acre,Maio,0,19980101
1999,Acre,Maio,0,19990101
2000,Acre,Maio,1,20000101
2001,Acre,Maio,0,20010101
2002,Acre,Maio,0,20020101
2003,Acre,Maio,6,20030101
2004,Acre,Maio,7,20040101
2005,Acre,Maio,2,20050101
2006,Acre,Maio,8,20060101
2007,Acre,Maio,1,20070101
2008,Acre,Maio,0,20080101
2009,Acre,Maio,3,20090101
2010,Acre,Maio,9,20100101
2011,Acre,Maio,3,20110101
2012,Acre,Maio,3,20120101
2013,Acre,Maio,4,20130101
2014,Acre,Maio,1,20140101
2015,Acre,Maio,2,20150101
2016,Acre,Maio,21,20160101
2017,Acre,Maio,10,20170101
1998,Acre,Junho,3,19980101
1999,Acre,Junho,0,19990101
2000,Acre,Junho,1,20000101
2001,Acre,Junho,1,20010101
2002,Acre,Junho,0,20020101
2003,Acre,Junho,0,20030101
2004,Acre,Junho,5,20040101
2005,Acre,Junho,27,20050101
2006,Acre,Junho,1,20060101
2007,Acre,Junho,4,20070101
2008,Acre,Junho,0,20080101
2009,Acre,Junho,0,20090101
2010,Acre,Junho,1,20100101
2011,Acre,Junho,10,20110101
2012,Acre,Junho,7,20120101
2013,Acre,Junho,8,20130101
2014,Acre,Junho,17,20140101
2015,Acre,Junho,40,20150101
2016,Acre,Junho,87,20160101
2017,Acre,Junho,45,20170101
1998,Acre,Julho,37,19980101
1999,Acre,Julho,1,19990101
2000,Acre,Julho,1,20000101
2001,Acre,Julho,3,20010101
2002,Acre,Julho,39,20020101
2003,Acre,Julho,168,20030101
2004,Acre,Julho,42,20040101
2005,Acre,Julho,368,20050101
2006,Acre,Julho,33,20060101
2007,Acre,Julho,29,20070101
2008,Acre,Julho,41,20080101
2009,Acre,Julho,31,20090101
2010,Acre,Julho,126,20100101
2011,Acre,Julho,93,20110101
2012,Acre,Julho,71,20120101
2013,Acre,Julho,54,20130101
2014,Acre,Julho,60,20140101
2015,Acre,Julho,109,20150101
2016,Acre,Julho,533,20160101
2017,Acre,Julho,457,20170101
1998,Acre,Agosto,130,19980101
1999,Acre,Agosto,63,19990101
2000,Acre,Agosto,136,20000101
2001,Acre,Agosto,396,20010101
2002,Acre,Agosto,728,20020101
2003,Acre,Agosto,1.976,20030101
2004,Acre,Agosto,645,20040101
2005,Acre,Agosto,4.198,20050101
2006,Acre,Agosto,839,20060101
2007,Acre,Agosto,960,20070101
2008,Acre,Agosto,445,20080101
2009,Acre,Agosto,194,20090101
2010,Acre,Agosto,1.682,20100101
2011,Acre,Agosto,425,20110101
2012,Acre,Agosto,739,20120101
2013,Acre,Agosto,679,20130101
2014,Acre,Agosto,1.1,20140101
2015,Acre,Agosto,1.397,20150101
2016,Acre,Agosto,2.188,20160101
2017,Acre,Agosto,1.493,20170101
1998,Acre,Setembro,509,19980101
1999,Acre,Setembro,209,19990101
2000,Acre,Setembro,265,20000101
2001,Acre,Setembro,290,20010101
2002,Acre,Setembro,1.949,20020101
2003,Acre,Setembro,3.942,20030101
2004,Acre,Setembro,1.978,20040101
2005,Acre,Setembro,4.253,20050101
2006,Acre,Setembro,2.37,20060101
2007,Acre,Setembro,2.08,20070101
2008,Acre,Setembro,1.666,20080101
2009,Acre,Setembro,1.265,20090101
2010,Acre,Setembro,2.531,20100101
2011,Acre,Setembro,1.204,20110101
2012,Acre,Setembro,1.996,20120101
2013,Acre,Setembro,2.136,20130101
2014,Acre,Setembro,2.175,20140101
2015,Acre,Setembro,2.928,20150101
2016,Acre,Setembro,3.586,20160101
2017,Acre,Setembro,3.429,20170101
1998,Acre,Outubro,44,19980101
1999,Acre,Outubro,60,19990101
2000,Acre,Outubro,18,20000101
2001,Acre,Outubro,137,20010101
2002,Acre,Outubro,687,20020101
2003,Acre,Outubro,740,20030101
2004,Acre,Outubro,461,20040101
2005,Acre,Outubro,547,20050101
2006,Acre,Outubro,316,20060101
2007,Acre,Outubro,203,20070101
2008,Acre,Outubro,652,20080101
2009,Acre,Outubro,565,20090101
2010,Acre,Outubro,292,20100101
2011,Acre,Outubro,97,20110101
2012,Acre,Outubro,348,20120101
2013,Acre,Outubro,258,20130101
2014,Acre,Outubro,406,20140101
2015,Acre,Outubro,905,20150101
2016,Acre,Outubro,509,20160101
2017,Acre,Outubro,1.508,20170101
1998,Acre,Novembro,0,19980101
1999,Acre,Novembro,0,19990101
2000,Acre,Novembro,0,20000101
2001,Acre,Novembro,1,20010101
2002,Acre,Novembro,86,20020101
2003,Acre,Novembro,15,20030101
2004,Acre,Novembro,10,20040101
2005,Acre,Novembro,14,20050101
2006,Acre,Novembro,18,20060101
2007,Acre,Novembro,7,20070101
2008,Acre,Novembro,4,20080101
2009,Acre,Novembro,33,20090101
2010,Acre,Novembro,39,20100101
2011,Acre,Novembro,74,20110101
2012,Acre,Novembro,13,20120101
2013,Acre,Novembro,79,20130101
2014,Acre,Novembro,56,20140101
2015,Acre,Novembro,115,20150101
2016,Acre,Novembro,46,20160101
2017,Acre,Novembro,98,20170101
1998,Acre,Dezembro,7,19980101
1999,Acre,Dezembro,0,19990101
2000,Acre,Dezembro,0,20000101
2001,Acre,Dezembro,0,20010101
2002,Acre,Dezembro,1,20020101
2003,Acre,Dezembro,1,20030101
2004,Acre,Dezembro,7,20040101
2005,Acre,Dezembro,2,20050101
2006,Acre,Dezembro,0,20060101
2007,Acre,Dezembro,0,20070101
2008,Acre,Dezembro,0,20080101
2009,Acre,Dezembro,1,20090101
2010,Acre,Dezembro,0,20100101
2011,Acre,Dezembro,4,20110101
2012,Acre,Dezembro,1,20120101
2013,Acre,Dezembro,3,20130101
2014,Acre,Dezembro,6,20140101
2015,Acre,Dezembro,8,20150101
2016,Acre,Dezembro,6,20160101
1998,Alagoas,Janeiro,0,19980101
1999,Alagoas,Janeiro,58,19990101
2000,Alagoas,Janeiro,11,20000101
2001,Alagoas,Janeiro,5,20010101
2002,Alagoas,Janeiro,12,20020101
2003,Alagoas,Janeiro,150,20030101
2004,Alagoas,Janeiro,9,20040101
2005,Alagoas,Janeiro,83,20050101
2006,Alagoas,Janeiro,29,20060101
2007,Alagoas,Janeiro,33,20070101
2008,Alagoas,Janeiro,55,20080101
2009,Alagoas,Janeiro,104,20090101
2010,Alagoas,Janeiro,23,20100101
2011,Alagoas,Janeiro,41,20110101
2012,Alagoas,Janeiro,36,20120101
2013,Alagoas,Janeiro,49,20130101
2014,Alagoas,Janeiro,54,20140101
2015,Alagoas,Janeiro,81,20150101
2016,Alagoas,Janeiro,24,20160101
2017,Alagoas,Janeiro,38,20170101
2017,Alagoas,Janeiro,38,20170101
1998,Alagoas,Fevereiro,0,19980101
1999,Alagoas,Fevereiro,20,19990101
2000,Alagoas,Fevereiro,16,20000101
2001,Alagoas,Fevereiro,4,20010101
2002,Alagoas,Fevereiro,15,20020101
2003,Alagoas,Fevereiro,33,20030101
2004,Alagoas,Fevereiro,7,20040101
2005,Alagoas,Fevereiro,31,20050101
2006,Alagoas,Fevereiro,14,20060101
2007,Alagoas,Fevereiro,28,20070101
2008,Alagoas,Fevereiro,74,20080101
2009,Alagoas,Fevereiro,32,20090101
2010,Alagoas,Fevereiro,26,20100101
2011,Alagoas,Fevereiro,33,20110101
2012,Alagoas,Fevereiro,41,20120101
2013,Alagoas,Fevereiro,19,20130101
2014,Alagoas,Fevereiro,29,20140101
2015,Alagoas,Fevereiro,46,20150101
2016,Alagoas,Fevereiro,14,20160101
2017,Alagoas,Fevereiro,21,20170101
1998,Alagoas,Mar�o,0,19980101
1999,Alagoas,Mar�o,52,19990101
2000,Alagoas,Mar�o,32,20000101
2001,Alagoas,Mar�o,0,20010101
2002,Alagoas,Mar�o,27,20020101
2003,Alagoas,Mar�o,15,20030101
2004,Alagoas,Mar�o,16,20040101
2005,Alagoas,Mar�o,35,20050101
2006,Alagoas,Mar�o,37,20060101
2007,Alagoas,Mar�o,7,20070101
2008,Alagoas,Mar�o,31,20080101
2009,Alagoas,Mar�o,31,20090101
2010,Alagoas,Mar�o,70,20100101
2011,Alagoas,Mar�o,34,20110101
2012,Alagoas,Mar�o,44,20120101
2013,Alagoas,Mar�o,31,20130101
2014,Alagoas,Mar�o,28,20140101
2015,Alagoas,Mar�o,32,20150101
2016,Alagoas,Mar�o,9,20160101
2017,Alagoas,Mar�o,23,20170101
1998,Alagoas,Abril,0,19980101
1999,Alagoas,Abril,4,19990101
2000,Alagoas,Abril,20,20000101
2001,Alagoas,Abril,0,20010101
2002,Alagoas,Abril,6,20020101
2003,Alagoas,Abril,20,20030101
2004,Alagoas,Abril,6,20040101
2005,Alagoas,Abril,1,20050101
2006,Alagoas,Abril,2,20060101
2007,Alagoas,Abril,1,20070101
2008,Alagoas,Abril,18,20080101
2009,Alagoas,Abril,5,20090101
2010,Alagoas,Abril,3,20100101
2011,Alagoas,Abril,17,20110101
2012,Alagoas,Abril,18,20120101
2013,Alagoas,Abril,25,20130101
2014,Alagoas,Abril,16,20140101
2015,Alagoas,Abril,63,20150101
2016,Alagoas,Abril,13,20160101
2017,Alagoas,Abril,7,20170101
1998,Alagoas,Maio,0,19980101
1999,Alagoas,Maio,1,19990101
2000,Alagoas,Maio,1,20000101
2001,Alagoas,Maio,2,20010101
2002,Alagoas,Maio,1,20020101
2003,Alagoas,Maio,1,20030101
2004,Alagoas,Maio,3,20040101
2005,Alagoas,Maio,0,20050101
2006,Alagoas,Maio,0,20060101
2007,Alagoas,Maio,0,20070101
2008,Alagoas,Maio,0,20080101
2009,Alagoas,Maio,0,20090101
2010,Alagoas,Maio,0,20100101
2011,Alagoas,Maio,0,20110101
2012,Alagoas,Maio,21,20120101
2013,Alagoas,Maio,2,20130101
2014,Alagoas,Maio,1,20140101
2015,Alagoas,Maio,18,20150101
2016,Alagoas,Maio,4,20160101
2017,Alagoas,Maio,1,20170101
1998,Alagoas,Junho,0,19980101
1999,Alagoas,Junho,0,19990101
2000,Alagoas,Junho,0,20000101
2001,Alagoas,Junho,2,20010101
2002,Alagoas,Junho,0,20020101
2003,Alagoas,Junho,0,20030101
2004,Alagoas,Junho,0,20040101
2005,Alagoas,Junho,0,20050101
2006,Alagoas,Junho,0,20060101
2007,Alagoas,Junho,0,20070101
2008,Alagoas,Junho,0,20080101
2009,Alagoas,Junho,0,20090101
2010,Alagoas,Junho,0,20100101
2011,Alagoas,Junho,2,20110101
2012,Alagoas,Junho,4,20120101
2013,Alagoas,Junho,1,20130101
2014,Alagoas,Junho,2,20140101
2015,Alagoas,Junho,2,20150101
2016,Alagoas,Junho,5,20160101
2017,Alagoas,Junho,2,20170101
1998,Alagoas,Julho,0,19980101
1999,Alagoas,Julho,0,19990101
2000,Alagoas,Julho,0,20000101
2001,Alagoas,Julho,0,20010101
2002,Alagoas,Julho,5,20020101
2003,Alagoas,Julho,0,20030101
2004,Alagoas,Julho,0,20040101
2005,Alagoas,Julho,0,20050101
2006,Alagoas,Julho,0,20060101
2007,Alagoas,Julho,0,20070101
2008,Alagoas,Julho,0,20080101
2009,Alagoas,Julho,0,20090101
2010,Alagoas,Julho,2,20100101
2011,Alagoas,Julho,0,20110101
2012,Alagoas,Julho,0,20120101
2013,Alagoas,Julho,0,20130101
2014,Alagoas,Julho,1,20140101
2015,Alagoas,Julho,0,20150101
2016,Alagoas,Julho,3,20160101
2017,Alagoas,Julho,0,20170101
1998,Alagoas,Agosto,1,19980101
1999,Alagoas,Agosto,3,19990101
2000,Alagoas,Agosto,4,20000101
2001,Alagoas,Agosto,1,20010101
2002,Alagoas,Agosto,3,20020101
2003,Alagoas,Agosto,2,20030101
2004,Alagoas,Agosto,2,20040101
2005,Alagoas,Agosto,2,20050101
2006,Alagoas,Agosto,1,20060101
2007,Alagoas,Agosto,3,20070101
2008,Alagoas,Agosto,1,20080101
2009,Alagoas,Agosto,0,20090101
2010,Alagoas,Agosto,1,20100101
2011,Alagoas,Agosto,4,20110101
2012,Alagoas,Agosto,0,20120101
2013,Alagoas,Agosto,0,20130101
2014,Alagoas,Agosto,3,20140101
2015,Alagoas,Agosto,3,20150101
2016,Alagoas,Agosto,5,20160101
2017,Alagoas,Agosto,1,20170101
1998,Alagoas,Setembro,14,19980101
1999,Alagoas,Setembro,3,19990101
2000,Alagoas,Setembro,22,20000101
2001,Alagoas,Setembro,5,20010101
2002,Alagoas,Setembro,14,20020101
2003,Alagoas,Setembro,8,20030101
2004,Alagoas,Setembro,5,20040101
2005,Alagoas,Setembro,7,20050101
2006,Alagoas,Setembro,4,20060101
2007,Alagoas,Setembro,2,20070101
2008,Alagoas,Setembro,9,20080101
2009,Alagoas,Setembro,13,20090101
2010,Alagoas,Setembro,5,20100101
2011,Alagoas,Setembro,5,20110101
2012,Alagoas,Setembro,6,20120101
2013,Alagoas,Setembro,4,20130101
2014,Alagoas,Setembro,11,20140101
2015,Alagoas,Setembro,7,20150101
2016,Alagoas,Setembro,18,20160101
2017,Alagoas,Setembro,4,20170101
1998,Alagoas,Outubro,20,19980101
1999,Alagoas,Outubro,4,19990101
2000,Alagoas,Outubro,13,20000101
2001,Alagoas,Outubro,15,20010101
2002,Alagoas,Outubro,30,20020101
2003,Alagoas,Outubro,10,20030101
2004,Alagoas,Outubro,12,20040101
2005,Alagoas,Outubro,17,20050101
2006,Alagoas,Outubro,32,20060101
2007,Alagoas,Outubro,6,20070101
2008,Alagoas,Outubro,18,20080101
2009,Alagoas,Outubro,30,20090101
2010,Alagoas,Outubro,16,20100101
2011,Alagoas,Outubro,23,20110101
2012,Alagoas,Outubro,28,20120101
2013,Alagoas,Outubro,25,20130101
2014,Alagoas,Outubro,7,20140101
2015,Alagoas,Outubro,40,20150101
2016,Alagoas,Outubro,74,20160101
2017,Alagoas,Outubro,14,20170101
1998,Alagoas,Novembro,19,19980101
1999,Alagoas,Novembro,15,19990101
2000,Alagoas,Novembro,2,20000101
2001,Alagoas,Novembro,22,20010101
2002,Alagoas,Novembro,50,20020101
2003,Alagoas,Novembro,17,20030101
2004,Alagoas,Novembro,28,20040101
2005,Alagoas,Novembro,25,20050101
2006,Alagoas,Novembro,12,20060101
2007,Alagoas,Novembro,15,20070101
2008,Alagoas,Novembro,37,20080101
2009,Alagoas,Novembro,55,20090101
2010,Alagoas,Novembro,31,20100101
2011,Alagoas,Novembro,23,20110101
2012,Alagoas,Novembro,95,20120101
2013,Alagoas,Novembro,10,20130101
2014,Alagoas,Novembro,14,20140101
2015,Alagoas,Novembro,162,20150101
2016,Alagoas,Novembro,76,20160101
2017,Alagoas,Novembro,10,20170101
1998,Alagoas,Dezembro,32,19980101
1999,Alagoas,Dezembro,12,19990101
2000,Alagoas,Dezembro,2,20000101
2001,Alagoas,Dezembro,30,20010101
2002,Alagoas,Dezembro,95,20020101
2003,Alagoas,Dezembro,43,20030101
2004,Alagoas,Dezembro,71,20040101
2005,Alagoas,Dezembro,16,20050101
2006,Alagoas,Dezembro,30,20060101
2007,Alagoas,Dezembro,33,20070101
2008,Alagoas,Dezembro,34,20080101
2009,Alagoas,Dezembro,55,20090101
2010,Alagoas,Dezembro,45,20100101
2011,Alagoas,Dezembro,50,20110101
2012,Alagoas,Dezembro,59,20120101
2013,Alagoas,Dezembro,42,20130101
2014,Alagoas,Dezembro,24,20140101
2015,Alagoas,Dezembro,136,20150101
2016,Alagoas,Dezembro,155,20160101
1998,Amapa,Janeiro,0,19980101
1999,Amapa,Janeiro,0,19990101
2000,Amapa,Janeiro,2,20000101
2001,Amapa,Janeiro,0,20010101
2002,Amapa,Janeiro,7,20020101
2003,Amapa,Janeiro,31,20030101
2004,Amapa,Janeiro,38,20040101
2005,Amapa,Janeiro,109,20050101
2006,Amapa,Janeiro,6,20060101
2007,Amapa,Janeiro,0,20070101
2008,Amapa,Janeiro,2,20080101
2009,Amapa,Janeiro,4,20090101
2010,Amapa,Janeiro,2,20100101
2011,Amapa,Janeiro,0,20110101
2012,Amapa,Janeiro,30,20120101
2013,Amapa,Janeiro,3,20130101
2014,Amapa,Janeiro,10,20140101
2015,Amapa,Janeiro,14,20150101
2016,Amapa,Janeiro,19,20160101
2017,Amapa,Janeiro,2,20170101
1998,Amapa,Fevereiro,0,19980101
1999,Amapa,Fevereiro,1,19990101
2000,Amapa,Fevereiro,0,20000101
2001,Amapa,Fevereiro,0,20010101
2002,Amapa,Fevereiro,2,20020101
2003,Amapa,Fevereiro,0,20030101
2004,Amapa,Fevereiro,2,20040101
2005,Amapa,Fevereiro,1,20050101
2006,Amapa,Fevereiro,2,20060101
2007,Amapa,Fevereiro,0,20070101
2008,Amapa,Fevereiro,0,20080101
2009,Amapa,Fevereiro,0,20090101
2010,Amapa,Fevereiro,0,20100101
2011,Amapa,Fevereiro,3,20110101
2012,Amapa,Fevereiro,5,20120101
2013,Amapa,Fevereiro,0,20130101
2014,Amapa,Fevereiro,2,20140101
2015,Amapa,Fevereiro,1,20150101
2016,Amapa,Fevereiro,1,20160101
2017,Amapa,Fevereiro,0,20170101
1998,Amapa,Mar�o,0,19980101
1999,Amapa,Mar�o,2,19990101
2000,Amapa,Mar�o,0,20000101
2001,Amapa,Mar�o,0,20010101
2002,Amapa,Mar�o,0,20020101
2003,Amapa,Mar�o,1,20030101
2004,Amapa,Mar�o,0,20040101
2005,Amapa,Mar�o,0,20050101
2006,Amapa,Mar�o,0,20060101
2007,Amapa,Mar�o,0,20070101
2008,Amapa,Mar�o,1,20080101
2009,Amapa,Mar�o,1,20090101
2010,Amapa,Mar�o,2,20100101
2011,Amapa,Mar�o,0,20110101
2012,Amapa,Mar�o,1,20120101
2013,Amapa,Mar�o,0,20130101
2014,Amapa,Mar�o,1,20140101
2015,Amapa,Mar�o,2,20150101
2016,Amapa,Mar�o,5,20160101
2017,Amapa,Mar�o,0,20170101
1998,Amapa,Abril,0,19980101
1999,Amapa,Abril,0,19990101
2000,Amapa,Abril,0,20000101
2001,Amapa,Abril,0,20010101
2002,Amapa,Abril,0,20020101
2003,Amapa,Abril,2,20030101
2004,Amapa,Abril,0,20040101
2005,Amapa,Abril,0,20050101
2006,Amapa,Abril,0,20060101
2007,Amapa,Abril,0,20070101
2008,Amapa,Abril,2,20080101
2009,Amapa,Abril,0,20090101
2010,Amapa,Abril,2,20100101
2011,Amapa,Abril,0,20110101
2012,Amapa,Abril,2,20120101
2013,Amapa,Abril,2,20130101
2014,Amapa,Abril,0,20140101
2015,Amapa,Abril,0,20150101
2016,Amapa,Abril,0,20160101
2017,Amapa,Abril,3,20170101
1998,Amapa,Maio,0,19980101
1999,Amapa,Maio,0,19990101
2000,Amapa,Maio,0,20000101
2001,Amapa,Maio,0,20010101
2002,Amapa,Maio,3,20020101
2003,Amapa,Maio,0,20030101
2004,Amapa,Maio,0,20040101
2005,Amapa,Maio,0,20050101
2006,Amapa,Maio,0,20060101
2007,Amapa,Maio,0,20070101
2008,Amapa,Maio,0,20080101
2009,Amapa,Maio,2,20090101
2010,Amapa,Maio,2,20100101
2011,Amapa,Maio,2,20110101
2012,Amapa,Maio,2,20120101
2013,Amapa,Maio,0,20130101
2014,Amapa,Maio,0,20140101
2015,Amapa,Maio,0,20150101
2016,Amapa,Maio,1,20160101
2017,Amapa,Maio,1,20170101
1998,Amapa,Junho,0,19980101
1999,Amapa,Junho,2,19990101
2000,Amapa,Junho,0,20000101
2001,Amapa,Junho,0,20010101
2002,Amapa,Junho,0,20020101
2003,Amapa,Junho,0,20030101
2004,Amapa,Junho,5,20040101
2005,Amapa,Junho,2,20050101
2006,Amapa,Junho,0,20060101
2007,Amapa,Junho,0,20070101
2008,Amapa,Junho,0,20080101
2009,Amapa,Junho,1,20090101
2010,Amapa,Junho,0,20100101
2011,Amapa,Junho,0,20110101
2012,Amapa,Junho,7,20120101
2013,Amapa,Junho,1,20130101
2014,Amapa,Junho,0,20140101
2015,Amapa,Junho,3,20150101
2016,Amapa,Junho,2,20160101
2017,Amapa,Junho,2,20170101
1998,Amapa,Julho,0,19980101
1999,Amapa,Julho,0,19990101
2000,Amapa,Julho,0,20000101
2001,Amapa,Julho,1,20010101
2002,Amapa,Julho,1,20020101
2003,Amapa,Julho,0,20030101
2004,Amapa,Julho,2,20040101
2005,Amapa,Julho,0,20050101
2006,Amapa,Julho,0,20060101
2007,Amapa,Julho,0,20070101
2008,Amapa,Julho,0,20080101
2009,Amapa,Julho,4,20090101
2010,Amapa,Julho,2,20100101
2011,Amapa,Julho,5,20110101
2012,Amapa,Julho,3,20120101
2013,Amapa,Julho,1,20130101
2014,Amapa,Julho,4,20140101
2015,Amapa,Julho,5,20150101
2016,Amapa,Julho,1,20160101
2017,Amapa,Julho,3,20170101
1998,Amapa,Agosto,1,19980101
1999,Amapa,Agosto,0,19990101
2000,Amapa,Agosto,3,20000101
2001,Amapa,Agosto,12,20010101
2002,Amapa,Agosto,18,20020101
2003,Amapa,Agosto,14,20030101
2004,Amapa,Agosto,9,20040101
2005,Amapa,Agosto,4,20050101
2006,Amapa,Agosto,11,20060101
2007,Amapa,Agosto,5,20070101
2008,Amapa,Agosto,4,20080101
2009,Amapa,Agosto,20,20090101
2010,Amapa,Agosto,1,20100101
2011,Amapa,Agosto,16,20110101
2012,Amapa,Agosto,19,20120101
2013,Amapa,Agosto,9,20130101
2014,Amapa,Agosto,18,20140101
2015,Amapa,Agosto,40,20150101
2016,Amapa,Agosto,37,20160101
2017,Amapa,Agosto,33,20170101
1998,Amapa,Setembro,20,19980101
1999,Amapa,Setembro,4,19990101
2000,Amapa,Setembro,19,20000101
2001,Amapa,Setembro,95,20010101
2002,Amapa,Setembro,73,20020101
2003,Amapa,Setembro,88,20030101
2004,Amapa,Setembro,67,20040101
2005,Amapa,Setembro,97,20050101
2006,Amapa,Setembro,112,20060101
2007,Amapa,Setembro,61,20070101
2008,Amapa,Setembro,83,20080101
2009,Amapa,Setembro,188,20090101
2010,Amapa,Setembro,63,20100101
2011,Amapa,Setembro,128,20110101
2012,Amapa,Setembro,168,20120101
2013,Amapa,Setembro,85,20130101
2014,Amapa,Setembro,137,20140101
2015,Amapa,Setembro,192,20150101
2016,Amapa,Setembro,142,20160101
2017,Amapa,Setembro,95,20170101
1998,Amapa,Outubro,42,19980101
1999,Amapa,Outubro,25,19990101
2000,Amapa,Outubro,42,20000101
2001,Amapa,Outubro,194,20010101
2002,Amapa,Outubro,557,20020101
2003,Amapa,Outubro,355,20030101
2004,Amapa,Outubro,412,20040101
2005,Amapa,Outubro,335,20050101
2006,Amapa,Outubro,405,20060101
2007,Amapa,Outubro,162,20070101
2008,Amapa,Outubro,395,20080101
2009,Amapa,Outubro,765,20090101
2010,Amapa,Outubro,265,20100101
2011,Amapa,Outubro,304,20110101
2012,Amapa,Outubro,475,20120101
2013,Amapa,Outubro,385,20130101
2014,Amapa,Outubro,480,20140101
2015,Amapa,Outubro,827,20150101
2016,Amapa,Outubro,793,20160101
2017,Amapa,Outubro,468,20170101
1998,Amapa,Novembro,131,19980101
1999,Amapa,Novembro,26,19990101
2000,Amapa,Novembro,157,20000101
2001,Amapa,Novembro,406,20010101
2002,Amapa,Novembro,1.096,20020101
2003,Amapa,Novembro,750,20030101
2004,Amapa,Novembro,949,20040101
2005,Amapa,Novembro,685,20050101
2006,Amapa,Novembro,207,20060101
2007,Amapa,Novembro,198,20070101
2008,Amapa,Novembro,266,20080101
2009,Amapa,Novembro,1.019,20090101
2010,Amapa,Novembro,339,20100101
2011,Amapa,Novembro,282,20110101
2012,Amapa,Novembro,969,20120101
2013,Amapa,Novembro,341,20130101
2014,Amapa,Novembro,484,20140101
2015,Amapa,Novembro,1.3,20150101
2016,Amapa,Novembro,1.161,20160101
2017,Amapa,Novembro,858,20170101
1998,Amapa,Dezembro,84,19980101
1999,Amapa,Dezembro,41,19990101
2000,Amapa,Dezembro,30,20000101
2001,Amapa,Dezembro,593,20010101
2002,Amapa,Dezembro,200,20020101
2003,Amapa,Dezembro,411,20030101
2004,Amapa,Dezembro,777,20040101
2005,Amapa,Dezembro,38,20050101
2006,Amapa,Dezembro,74,20060101
2007,Amapa,Dezembro,14,20070101
2008,Amapa,Dezembro,32,20080101
2009,Amapa,Dezembro,123,20090101
2010,Amapa,Dezembro,43,20100101
2011,Amapa,Dezembro,360,20110101
2012,Amapa,Dezembro,422,20120101
2013,Amapa,Dezembro,148,20130101
2014,Amapa,Dezembro,354,20140101
2015,Amapa,Dezembro,269,20150101
2016,Amapa,Dezembro,491,20160101
1998,Amazonas,Janeiro,0,19980101
1999,Amazonas,Janeiro,3,19990101
2000,Amazonas,Janeiro,7,20000101
2001,Amazonas,Janeiro,3,20010101
2002,Amazonas,Janeiro,17,20020101
2003,Amazonas,Janeiro,158,20030101
2004,Amazonas,Janeiro,123,20040101
2005,Amazonas,Janeiro,44,20050101
2006,Amazonas,Janeiro,20,20060101
2007,Amazonas,Janeiro,37,20070101
2008,Amazonas,Janeiro,16,20080101
2009,Amazonas,Janeiro,9,20090101
2010,Amazonas,Janeiro,82,20100101
2011,Amazonas,Janeiro,53,20110101
2012,Amazonas,Janeiro,6,20120101
2013,Amazonas,Janeiro,37,20130101
2014,Amazonas,Janeiro,46,20140101
2015,Amazonas,Janeiro,35,20150101
2016,Amazonas,Janeiro,770,20160101
2017,Amazonas,Janeiro,65,20170101
1998,Amazonas,Fevereiro,0,19980101
1999,Amazonas,Fevereiro,43,19990101
2000,Amazonas,Fevereiro,62,20000101
2001,Amazonas,Fevereiro,8,20010101
2002,Amazonas,Fevereiro,2,20020101
2003,Amazonas,Fevereiro,62,20030101
2004,Amazonas,Fevereiro,92,20040101
2005,Amazonas,Fevereiro,6,20050101
2006,Amazonas,Fevereiro,10,20060101
2007,Amazonas,Fevereiro,92,20070101
2008,Amazonas,Fevereiro,32,20080101
2009,Amazonas,Fevereiro,3,20090101
2010,Amazonas,Fevereiro,81,20100101
2011,Amazonas,Fevereiro,30,20110101
2012,Amazonas,Fevereiro,25,20120101
2013,Amazonas,Fevereiro,16,20130101
2014,Amazonas,Fevereiro,49,20140101
2015,Amazonas,Fevereiro,107,20150101
2016,Amazonas,Fevereiro,275,20160101
2017,Amazonas,Fevereiro,52,20170101
1998,Amazonas,Mar�o,0,19980101
1999,Amazonas,Mar�o,7,19990101
2000,Amazonas,Mar�o,69,20000101
2001,Amazonas,Mar�o,6,20010101
2002,Amazonas,Mar�o,5,20020101
2003,Amazonas,Mar�o,64,20030101
2004,Amazonas,Mar�o,6,20040101
2005,Amazonas,Mar�o,12,20050101
2006,Amazonas,Mar�o,20,20060101
2007,Amazonas,Mar�o,6,20070101
2008,Amazonas,Mar�o,10,20080101
2009,Amazonas,Mar�o,11,20090101
2010,Amazonas,Mar�o,116,20100101
2011,Amazonas,Mar�o,49,20110101
2012,Amazonas,Mar�o,17,20120101
2013,Amazonas,Mar�o,49,20130101
2014,Amazonas,Mar�o,50,20140101
2015,Amazonas,Mar�o,46,20150101
2016,Amazonas,Mar�o,140,20160101
2017,Amazonas,Mar�o,45,20170101
1998,Amazonas,Abril,0,19980101
1999,Amazonas,Abril,2,19990101
2000,Amazonas,Abril,18,20000101
2001,Amazonas,Abril,1,20010101
2002,Amazonas,Abril,2,20020101
2003,Amazonas,Abril,11,20030101
2004,Amazonas,Abril,4,20040101
2005,Amazonas,Abril,5,20050101
2006,Amazonas,Abril,5,20060101
2007,Amazonas,Abril,0,20070101
2008,Amazonas,Abril,13,20080101
2009,Amazonas,Abril,1,20090101
2010,Amazonas,Abril,11,20100101
2011,Amazonas,Abril,5,20110101
2012,Amazonas,Abril,3,20120101
2013,Amazonas,Abril,20,20130101
2014,Amazonas,Abril,25,20140101
2015,Amazonas,Abril,24,20150101
2016,Amazonas,Abril,22,20160101
2017,Amazonas,Abril,20,20170101
1998,Amazonas,Maio,0,19980101
1999,Amazonas,Maio,0,19990101
2000,Amazonas,Maio,51,20000101
2001,Amazonas,Maio,0,20010101
2002,Amazonas,Maio,8,20020101
2003,Amazonas,Maio,2,20030101
2004,Amazonas,Maio,0,20040101
2005,Amazonas,Maio,8,20050101
2006,Amazonas,Maio,4,20060101
2007,Amazonas,Maio,0,20070101
2008,Amazonas,Maio,1,20080101
2009,Amazonas,Maio,3,20090101
2010,Amazonas,Maio,13,20100101
2011,Amazonas,Maio,6,20110101
2012,Amazonas,Maio,12,20120101
2013,Amazonas,Maio,19,20130101
2014,Amazonas,Maio,12,20140101
2015,Amazonas,Maio,10,20150101
2016,Amazonas,Maio,30,20160101
2017,Amazonas,Maio,40,20170101
1998,Amazonas,Junho,2,19980101
1999,Amazonas,Junho,7,19990101
2000,Amazonas,Junho,6,20000101
2001,Amazonas,Junho,5,20010101
2002,Amazonas,Junho,5,20020101
2003,Amazonas,Junho,3,20030101
2004,Amazonas,Junho,12,20040101
2005,Amazonas,Junho,78,20050101
2006,Amazonas,Junho,9,20060101
2007,Amazonas,Junho,23,20070101
2008,Amazonas,Junho,7,20080101
2009,Amazonas,Junho,13,20090101
2010,Amazonas,Junho,9,20100101
2011,Amazonas,Junho,22,20110101
2012,Amazonas,Junho,45,20120101
2013,Amazonas,Junho,56,20130101
2014,Amazonas,Junho,74,20140101
2015,Amazonas,Junho,33,20150101
2016,Amazonas,Junho,90,20160101
2017,Amazonas,Junho,119,20170101
1998,Amazonas,Julho,71,19980101
1999,Amazonas,Julho,11,19990101
2000,Amazonas,Julho,39,20000101
2001,Amazonas,Julho,9,20010101
2002,Amazonas,Julho,146,20020101
2003,Amazonas,Julho,180,20030101
2004,Amazonas,Julho,177,20040101
2005,Amazonas,Julho,676,20050101
2006,Amazonas,Julho,123,20060101
2007,Amazonas,Julho,116,20070101
2008,Amazonas,Julho,108,20080101
2009,Amazonas,Julho,199,20090101
2010,Amazonas,Julho,640,20100101
2011,Amazonas,Julho,271,20110101
2012,Amazonas,Julho,234,20120101
2013,Amazonas,Julho,248,20130101
2014,Amazonas,Julho,202,20140101
2015,Amazonas,Julho,356,20150101
2016,Amazonas,Julho,1.137,20160101
2017,Amazonas,Julho,1.975,20170101
1998,Amazonas,Agosto,321,19980101
1999,Amazonas,Agosto,259,19990101
2000,Amazonas,Agosto,180,20000101
2001,Amazonas,Agosto,501,20010101
2002,Amazonas,Agosto,741,20020101
2003,Amazonas,Agosto,1.867,20030101
2004,Amazonas,Agosto,1.207,20040101
2005,Amazonas,Agosto,2.316,20050101
2006,Amazonas,Agosto,1.422,20060101
2007,Amazonas,Agosto,2.241,20070101
2008,Amazonas,Agosto,861,20080101
2009,Amazonas,Agosto,1.321,20090101
2010,Amazonas,Agosto,3.727,20100101
2011,Amazonas,Agosto,1.243,20110101
2012,Amazonas,Agosto,3.011,20120101
2013,Amazonas,Agosto,1.276,20130101
2014,Amazonas,Agosto,3.852,20140101
2015,Amazonas,Agosto,4.564,20150101
2016,Amazonas,Agosto,3.611,20160101
2017,Amazonas,Agosto,6.316,20170101
1998,Amazonas,Setembro,267,19980101
1999,Amazonas,Setembro,216,19990101
2000,Amazonas,Setembro,189,20000101
2001,Amazonas,Setembro,166,20010101
2002,Amazonas,Setembro,928,20020101
2003,Amazonas,Setembro,1.401,20030101
2004,Amazonas,Setembro,911,20040101
2005,Amazonas,Setembro,2.812,20050101
2006,Amazonas,Setembro,2.218,20060101
2007,Amazonas,Setembro,1.36,20070101
2008,Amazonas,Setembro,998,20080101
2009,Amazonas,Setembro,3.091,20090101
2010,Amazonas,Setembro,2.781,20100101
2011,Amazonas,Setembro,1.295,20110101
2012,Amazonas,Setembro,2.392,20120101
2013,Amazonas,Setembro,1.739,20130101
2014,Amazonas,Setembro,3.057,20140101
2015,Amazonas,Setembro,5.882,20150101
2016,Amazonas,Setembro,3.119,20160101
2017,Amazonas,Setembro,4.033,20170101
1998,Amazonas,Outubro,83,19980101
1999,Amazonas,Outubro,479,19990101
2000,Amazonas,Outubro,145,20000101
2001,Amazonas,Outubro,332,20010101
2002,Amazonas,Outubro,695,20020101
2003,Amazonas,Outubro,725,20030101
2004,Amazonas,Outubro,710,20040101
2005,Amazonas,Outubro,545,20050101
2006,Amazonas,Outubro,721,20060101
2007,Amazonas,Outubro,215,20070101
2008,Amazonas,Outubro,632,20080101
2009,Amazonas,Outubro,2.189,20090101
2010,Amazonas,Outubro,889,20100101
2011,Amazonas,Outubro,694,20110101
2012,Amazonas,Outubro,1.238,20120101
2013,Amazonas,Outubro,1.202,20130101
2014,Amazonas,Outubro,952,20140101
2015,Amazonas,Outubro,2.494,20150101
2016,Amazonas,Outubro,2.105,20160101
2017,Amazonas,Outubro,1.581,20170101
1998,Amazonas,Novembro,6,19980101
1999,Amazonas,Novembro,32,19990101
2000,Amazonas,Novembro,27,20000101
2001,Amazonas,Novembro,244,20010101
2002,Amazonas,Novembro,259,20020101
2003,Amazonas,Novembro,169,20030101
2004,Amazonas,Novembro,209,20040101
2005,Amazonas,Novembro,261,20050101
2006,Amazonas,Novembro,59,20060101
2007,Amazonas,Novembro,90,20070101
2008,Amazonas,Novembro,39,20080101
2009,Amazonas,Novembro,973,20090101
2010,Amazonas,Novembro,354,20100101
2011,Amazonas,Novembro,399,20110101
2012,Amazonas,Novembro,682,20120101
2013,Amazonas,Novembro,220,20130101
2014,Amazonas,Novembro,676,20140101
2015,Amazonas,Novembro,1.054,20150101
2016,Amazonas,Novembro,591,20160101
2017,Amazonas,Novembro,552,20170101
1998,Amazonas,Dezembro,196,19980101
1999,Amazonas,Dezembro,2,19990101
2000,Amazonas,Dezembro,60,20000101
2001,Amazonas,Dezembro,22,20010101
2002,Amazonas,Dezembro,44,20020101
2003,Amazonas,Dezembro,147,20030101
2004,Amazonas,Dezembro,53,20040101
2005,Amazonas,Dezembro,17,20050101
2006,Amazonas,Dezembro,23,20060101
2007,Amazonas,Dezembro,7,20070101
2008,Amazonas,Dezembro,0,20080101
2009,Amazonas,Dezembro,102,20090101
2010,Amazonas,Dezembro,123,20100101
2011,Amazonas,Dezembro,121,20110101
2012,Amazonas,Dezembro,80,20120101
2013,Amazonas,Dezembro,236,20130101
2014,Amazonas,Dezembro,293,20140101
2015,Amazonas,Dezembro,565,20150101
2016,Amazonas,Dezembro,133,20160101
1998,Par�,Janeiro,0,19980101
1999,Par�,Janeiro,87,19990101
2000,Par�,Janeiro,30,20000101
2001,Par�,Janeiro,34,20010101
2002,Par�,Janeiro,144,20020101
2003,Par�,Janeiro,900,20030101
2004,Par�,Janeiro,579,20040101
2005,Par�,Janeiro,1.768,20050101
2006,Par�,Janeiro,403,20060101
2007,Par�,Janeiro,467,20070101
2008,Par�,Janeiro,131,20080101
2009,Par�,Janeiro,241,20090101
2010,Par�,Janeiro,437,20100101
2011,Par�,Janeiro,108,20110101
2012,Par�,Janeiro,392,20120101
2013,Par�,Janeiro,167,20130101
2014,Par�,Janeiro,251,20140101
2015,Par�,Janeiro,725,20150101
2016,Par�,Janeiro,1.322,20160101
2017,Par�,Janeiro,219,20170101
1998,Par�,Fevereiro,0,19980101
1999,Par�,Fevereiro,285,19990101
2000,Par�,Fevereiro,29,20000101
2001,Par�,Fevereiro,16,20010101
2002,Par�,Fevereiro,120,20020101
2003,Par�,Fevereiro,34,20030101
2004,Par�,Fevereiro,20,20040101
2005,Par�,Fevereiro,85,20050101
2006,Par�,Fevereiro,49,20060101
2007,Par�,Fevereiro,23,20070101
2008,Par�,Fevereiro,54,20080101
2009,Par�,Fevereiro,15,20090101
2010,Par�,Fevereiro,102,20100101
2011,Par�,Fevereiro,13,20110101
2012,Par�,Fevereiro,63,20120101
2013,Par�,Fevereiro,30,20130101
2014,Par�,Fevereiro,37,20140101
2015,Par�,Fevereiro,108,20150101
2016,Par�,Fevereiro,430,20160101
2017,Par�,Fevereiro,14,20170101
1998,Par�,Mar�o,0,19980101
1999,Par�,Mar�o,7,19990101
2000,Par�,Mar�o,181,20000101
2001,Par�,Mar�o,0,20010101
2002,Par�,Mar�o,14,20020101
2003,Par�,Mar�o,27,20030101
2004,Par�,Mar�o,22,20040101
2005,Par�,Mar�o,21,20050101
2006,Par�,Mar�o,10,20060101
2007,Par�,Mar�o,6,20070101
2008,Par�,Mar�o,4,20080101
2009,Par�,Mar�o,4,20090101
2010,Par�,Mar�o,110,20100101
2011,Par�,Mar�o,21,20110101
2012,Par�,Mar�o,30,20120101
2013,Par�,Mar�o,19,20130101
2014,Par�,Mar�o,34,20140101
2015,Par�,Mar�o,61,20150101
2016,Par�,Mar�o,81,20160101
2017,Par�,Mar�o,42,20170101
1998,Par�,Abril,0,19980101
1999,Par�,Abril,6,19990101
2000,Par�,Abril,40,20000101
2001,Par�,Abril,0,20010101
2002,Par�,Abril,11,20020101
2003,Par�,Abril,14,20030101
2004,Par�,Abril,23,20040101
2005,Par�,Abril,14,20050101
2006,Par�,Abril,2,20060101
2007,Par�,Abril,0,20070101
2008,Par�,Abril,7,20080101
2009,Par�,Abril,8,20090101
2010,Par�,Abril,22,20100101
2011,Par�,Abril,10,20110101
2012,Par�,Abril,11,20120101
2013,Par�,Abril,20,20130101
2014,Par�,Abril,27,20140101
2015,Par�,Abril,27,20150101
2016,Par�,Abril,66,20160101
2017,Par�,Abril,45,20170101
1998,Par�,Maio,0,19980101
1999,Par�,Maio,4,19990101
2000,Par�,Maio,12,20000101
2001,Par�,Maio,7,20010101
2002,Par�,Maio,18,20020101
2003,Par�,Maio,3,20030101
2004,Par�,Maio,44,20040101
2005,Par�,Maio,37,20050101
2006,Par�,Maio,0,20060101
2007,Par�,Maio,9,20070101
2008,Par�,Maio,0,20080101
2009,Par�,Maio,7,20090101
2010,Par�,Maio,57,20100101
2011,Par�,Maio,16,20110101
2012,Par�,Maio,59,20120101
2013,Par�,Maio,42,20130101
2014,Par�,Maio,70,20140101
2015,Par�,Maio,95,20150101
2016,Par�,Maio,154,20160101
2017,Par�,Maio,114,20170101
1998,Par�,Junho,58,19980101
1999,Par�,Junho,37,19990101
2000,Par�,Junho,59,20000101
2001,Par�,Junho,42,20010101
2002,Par�,Junho,149,20020101
2003,Par�,Junho,64,20030101
2004,Par�,Junho,340,20040101
2005,Par�,Junho,304,20050101
2006,Par�,Junho,78,20060101
2007,Par�,Junho,129,20070101
2008,Par�,Junho,48,20080101
2009,Par�,Junho,38,20090101
2010,Par�,Junho,94,20100101
2011,Par�,Junho,105,20110101
2012,Par�,Junho,183,20120101
2013,Par�,Junho,173,20130101
2014,Par�,Junho,319,20140101
2015,Par�,Junho,265,20150101
2016,Par�,Junho,502,20160101
2017,Par�,Junho,679,20170101
1998,Par�,Julho,638,19980101
1999,Par�,Julho,982,19990101
2000,Par�,Julho,426,20000101
2001,Par�,Julho,708,20010101
2002,Par�,Julho,772,20020101
2003,Par�,Julho,1.571,20030101
2004,Par�,Julho,4.436,20040101
2005,Par�,Julho,4.364,20050101
2006,Par�,Julho,615,20060101
2007,Par�,Julho,476,20070101
2008,Par�,Julho,971,20080101
2009,Par�,Julho,397,20090101
2010,Par�,Julho,1.432,20100101
2011,Par�,Julho,632,20110101
2012,Par�,Julho,661,20120101
2013,Par�,Julho,447,20130101
2014,Par�,Julho,825,20140101
2015,Par�,Julho,906,20150101
2016,Par�,Julho,1.579,20160101
2017,Par�,Julho,4.985,20170101
1998,Par�,Agosto,6.815,19980101
1999,Par�,Agosto,6.178,19990101
2000,Par�,Agosto,5.484,20000101
2001,Par�,Agosto,9.043,20010101
2002,Par�,Agosto,15.664,20020101
2003,Par�,Agosto,6.255,20030101
2004,Par�,Agosto,12.812,20040101
2005,Par�,Agosto,13.055,20050101
2006,Par�,Agosto,7.575,20060101
2007,Par�,Agosto,14.352,20070101
2008,Par�,Agosto,4.435,20080101
2009,Par�,Agosto,3.859,20090101
2010,Par�,Agosto,18.13,20100101
2011,Par�,Agosto,2.195,20110101
2012,Par�,Agosto,6.964,20120101
2013,Par�,Agosto,2.161,20130101
2014,Par�,Agosto,8.555,20140101
2015,Par�,Agosto,7.913,20150101
2016,Par�,Agosto,4.863,20160101
2017,Par�,Agosto,11.962,20170101
1998,Par�,Setembro,6.237,19980101
1999,Par�,Setembro,4.419,19990101
2000,Par�,Setembro,2.569,20000101
2001,Par�,Setembro,6.139,20010101
2002,Par�,Setembro,5.609,20020101
2003,Par�,Setembro,8.447,20030101
2004,Par�,Setembro,9.471,20040101
2005,Par�,Setembro,9.032,20050101
2006,Par�,Setembro,8.372,20060101
2007,Par�,Setembro,14.59,20070101
2008,Par�,Setembro,6.294,20080101
2009,Par�,Setembro,6.051,20090101
2010,Par�,Setembro,10.81,20100101
2011,Par�,Setembro,5.185,20110101
2012,Par�,Setembro,6.87,20120101
2013,Par�,Setembro,3.36,20130101
2014,Par�,Setembro,6.787,20140101
2015,Par�,Setembro,11.068,20150101
2016,Par�,Setembro,3.953,20160101
2017,Par�,Setembro,25.004,20170101
1998,Par�,Outubro,3.665,19980101
1999,Par�,Outubro,5.026,19990101
2000,Par�,Outubro,4.313,20000101
2001,Par�,Outubro,5.096,20010101
2002,Par�,Outubro,5.189,20020101
2003,Par�,Outubro,3.803,20030101
2004,Par�,Outubro,4.726,20040101
2005,Par�,Outubro,5.083,20050101
2006,Par�,Outubro,5.964,20060101
2007,Par�,Outubro,2.504,20070101
2008,Par�,Outubro,6.653,20080101
2009,Par�,Outubro,6.342,20090101
2010,Par�,Outubro,3.843,20100101
2011,Par�,Outubro,3.141,20110101
2012,Par�,Outubro,3.714,20120101
2013,Par�,Outubro,4.921,20130101
2014,Par�,Outubro,6.448,20140101
2015,Par�,Outubro,7.781,20150101
2016,Par�,Outubro,5.281,20160101
2017,Par�,Outubro,7.628,20170101
1998,Par�,Novembro,1.861,19980101
1999,Par�,Novembro,2.682,19990101
2000,Par�,Novembro,3.366,20000101
2001,Par�,Novembro,4.938,20010101
2002,Par�,Novembro,7.996,20020101
2003,Par�,Novembro,6.195,20030101
2004,Par�,Novembro,9.842,20040101
2005,Par�,Novembro,4.968,20050101
2006,Par�,Novembro,2.883,20060101
2007,Par�,Novembro,2.89,20070101
2008,Par�,Novembro,2.403,20080101
2009,Par�,Novembro,10.012,20090101
2010,Par�,Novembro,4.417,20100101
2011,Par�,Novembro,3.043,20110101
2012,Par�,Novembro,6.156,20120101
2013,Par�,Novembro,3.688,20130101
2014,Par�,Novembro,7.767,20140101
2015,Par�,Novembro,9.643,20150101
2016,Par�,Novembro,7.879,20160101
2017,Par�,Novembro,9.079,20170101
1998,Par�,Dezembro,1.008,19980101
1999,Par�,Dezembro,766,19990101
2000,Par�,Dezembro,1.698,20000101
2001,Par�,Dezembro,2.564,20010101
2002,Par�,Dezembro,3.118,20020101
2003,Par�,Dezembro,4.787,20030101
2004,Par�,Dezembro,5.508,20040101
2005,Par�,Dezembro,1.495,20050101
2006,Par�,Dezembro,1.417,20060101
2007,Par�,Dezembro,689,20070101
2008,Par�,Dezembro,684,20080101
2009,Par�,Dezembro,2.832,20090101
2010,Par�,Dezembro,1.612,20100101
2011,Par�,Dezembro,3.218,20110101
2012,Par�,Dezembro,1.812,20120101
2013,Par�,Dezembro,5.514,20130101
2014,Par�,Dezembro,4.828,20140101
2015,Par�,Dezembro,6.61,20150101
2016,Par�,Dezembro,3.3,20160101
1998,Paraiba,Janeiro,0,19980101
1999,Paraiba,Janeiro,26,19990101
2000,Paraiba,Janeiro,0,20000101
2001,Paraiba,Janeiro,11,20010101
2002,Paraiba,Janeiro,5,20020101
2003,Paraiba,Janeiro,70,20030101
2004,Paraiba,Janeiro,33,20040101
2005,Paraiba,Janeiro,178,20050101
2006,Paraiba,Janeiro,83,20060101
2007,Paraiba,Janeiro,69,20070101
2008,Paraiba,Janeiro,77,20080101
2009,Paraiba,Janeiro,115,20090101
2010,Paraiba,Janeiro,46,20100101
2011,Paraiba,Janeiro,11,20110101
2012,Paraiba,Janeiro,61,20120101
2013,Paraiba,Janeiro,38,20130101
2014,Paraiba,Janeiro,75,20140101
2015,Paraiba,Janeiro,42,20150101
2016,Paraiba,Janeiro,18,20160101
2017,Paraiba,Janeiro,23,20170101
1998,Paraiba,Fevereiro,0,19980101
1999,Paraiba,Fevereiro,2,19990101
2000,Paraiba,Fevereiro,11,20000101
2001,Paraiba,Fevereiro,6,20010101
2002,Paraiba,Fevereiro,18,20020101
2003,Paraiba,Fevereiro,3,20030101
2004,Paraiba,Fevereiro,3,20040101
2005,Paraiba,Fevereiro,15,20050101
2006,Paraiba,Fevereiro,7,20060101
2007,Paraiba,Fevereiro,7,20070101
2008,Paraiba,Fevereiro,20,20080101
2009,Paraiba,Fevereiro,9,20090101
2010,Paraiba,Fevereiro,15,20100101
2011,Paraiba,Fevereiro,5,20110101
2012,Paraiba,Fevereiro,15,20120101
2013,Paraiba,Fevereiro,9,20130101
2014,Paraiba,Fevereiro,6,20140101
2015,Paraiba,Fevereiro,15,20150101
2016,Paraiba,Fevereiro,4,20160101
2017,Paraiba,Fevereiro,8,20170101
1998,Paraiba,Mar�o,0,19980101
1999,Paraiba,Mar�o,1,19990101
2000,Paraiba,Mar�o,5,20000101
2001,Paraiba,Mar�o,0,20010101
2002,Paraiba,Mar�o,3,20020101
2003,Paraiba,Mar�o,0,20030101
2004,Paraiba,Mar�o,3,20040101
2005,Paraiba,Mar�o,13,20050101
2006,Paraiba,Mar�o,4,20060101
2007,Paraiba,Mar�o,1,20070101
2008,Paraiba,Mar�o,8,20080101
2009,Paraiba,Mar�o,2,20090101
2010,Paraiba,Mar�o,16,20100101
2011,Paraiba,Mar�o,6,20110101
2012,Paraiba,Mar�o,4,20120101
2013,Paraiba,Mar�o,3,20130101
2014,Paraiba,Mar�o,18,20140101
2015,Paraiba,Mar�o,7,20150101
2016,Paraiba,Mar�o,1,20160101
2017,Paraiba,Mar�o,2,20170101
1998,Paraiba,Abril,0,19980101
1999,Paraiba,Abril,3,19990101
2000,Paraiba,Abril,1,20000101
2001,Paraiba,Abril,0,20010101
2002,Paraiba,Abril,1,20020101
2003,Paraiba,Abril,0,20030101
2004,Paraiba,Abril,3,20040101
2005,Paraiba,Abril,2,20050101
2006,Paraiba,Abril,0,20060101
2007,Paraiba,Abril,0,20070101
2008,Paraiba,Abril,0,20080101
2009,Paraiba,Abril,1,20090101
2010,Paraiba,Abril,2,20100101
2011,Paraiba,Abril,2,20110101
2012,Paraiba,Abril,13,20120101
2013,Paraiba,Abril,6,20130101
2014,Paraiba,Abril,8,20140101
2015,Paraiba,Abril,11,20150101
2016,Paraiba,Abril,1,20160101
2017,Paraiba,Abril,1,20170101
1998,Paraiba,Maio,0,19980101
1999,Paraiba,Maio,0,19990101
2000,Paraiba,Maio,0,20000101
2001,Paraiba,Maio,4,20010101
2002,Paraiba,Maio,1,20020101
2003,Paraiba,Maio,0,20030101
2004,Paraiba,Maio,1,20040101
2005,Paraiba,Maio,0,20050101
2006,Paraiba,Maio,0,20060101
2007,Paraiba,Maio,0,20070101
2008,Paraiba,Maio,0,20080101
2009,Paraiba,Maio,0,20090101
2010,Paraiba,Maio,10,20100101
2011,Paraiba,Maio,0,20110101
2012,Paraiba,Maio,10,20120101
2013,Paraiba,Maio,3,20130101
2014,Paraiba,Maio,1,20140101
2015,Paraiba,Maio,6,20150101
2016,Paraiba,Maio,1,20160101
2017,Paraiba,Maio,1,20170101
1998,Paraiba,Junho,3,19980101
1999,Paraiba,Junho,1,19990101
2000,Paraiba,Junho,2,20000101
2001,Paraiba,Junho,0,20010101
2002,Paraiba,Junho,1,20020101
2003,Paraiba,Junho,0,20030101
2004,Paraiba,Junho,0,20040101
2005,Paraiba,Junho,0,20050101
2006,Paraiba,Junho,0,20060101
2007,Paraiba,Junho,0,20070101
2008,Paraiba,Junho,0,20080101
2009,Paraiba,Junho,0,20090101
2010,Paraiba,Junho,3,20100101
2011,Paraiba,Junho,2,20110101
2012,Paraiba,Junho,5,20120101
2013,Paraiba,Junho,3,20130101
2014,Paraiba,Junho,1,20140101
2015,Paraiba,Junho,0,20150101
2016,Paraiba,Junho,4,20160101
2017,Paraiba,Junho,0,20170101
1998,Paraiba,Julho,0,19980101
1999,Paraiba,Julho,1,19990101
2000,Paraiba,Julho,0,20000101
2001,Paraiba,Julho,8,20010101
2002,Paraiba,Julho,8,20020101
2003,Paraiba,Julho,6,20030101
2004,Paraiba,Julho,1,20040101
2005,Paraiba,Julho,0,20050101
2006,Paraiba,Julho,1,20060101
2007,Paraiba,Julho,1,20070101
2008,Paraiba,Julho,0,20080101
2009,Paraiba,Julho,3,20090101
2010,Paraiba,Julho,7,20100101
2011,Paraiba,Julho,6,20110101
2012,Paraiba,Julho,5,20120101
2013,Paraiba,Julho,1,20130101
2014,Paraiba,Julho,9,20140101
2015,Paraiba,Julho,3,20150101
2016,Paraiba,Julho,22,20160101
2017,Paraiba,Julho,2,20170101
1998,Paraiba,Agosto,3,19980101
1999,Paraiba,Agosto,4,19990101
2000,Paraiba,Agosto,7,20000101
2001,Paraiba,Agosto,34,20010101
2002,Paraiba,Agosto,38,20020101
2003,Paraiba,Agosto,14,20030101
2004,Paraiba,Agosto,18,20040101
2005,Paraiba,Agosto,0,20050101
2006,Paraiba,Agosto,3,20060101
2007,Paraiba,Agosto,8,20070101
2008,Paraiba,Agosto,1,20080101
2009,Paraiba,Agosto,4,20090101
2010,Paraiba,Agosto,9,20100101
2011,Paraiba,Agosto,12,20110101
2012,Paraiba,Agosto,13,20120101
2013,Paraiba,Agosto,3,20130101
2014,Paraiba,Agosto,30,20140101
2015,Paraiba,Agosto,5,20150101
2016,Paraiba,Agosto,50,20160101
2017,Paraiba,Agosto,3,20170101
1998,Paraiba,Setembro,50,19980101
1999,Paraiba,Setembro,14,19990101
2000,Paraiba,Setembro,9,20000101
2001,Paraiba,Setembro,98,20010101
2002,Paraiba,Setembro,63,20020101
2003,Paraiba,Setembro,81,20030101
2004,Paraiba,Setembro,34,20040101
2005,Paraiba,Setembro,13,20050101
2006,Paraiba,Setembro,27,20060101
2007,Paraiba,Setembro,22,20070101
2008,Paraiba,Setembro,21,20080101
2009,Paraiba,Setembro,28,20090101
2010,Paraiba,Setembro,37,20100101
2011,Paraiba,Setembro,55,20110101
2012,Paraiba,Setembro,71,20120101
2013,Paraiba,Setembro,25,20130101
2014,Paraiba,Setembro,51,20140101
2015,Paraiba,Setembro,48,20150101
2016,Paraiba,Setembro,131,20160101
2017,Paraiba,Setembro,30,20170101
1998,Paraiba,Outubro,179,19980101
1999,Paraiba,Outubro,48,19990101
2000,Paraiba,Outubro,125,20000101
2001,Paraiba,Outubro,279,20010101
2002,Paraiba,Outubro,193,20020101
2003,Paraiba,Outubro,381,20030101
2004,Paraiba,Outubro,190,20040101
2005,Paraiba,Outubro,155,20050101
2006,Paraiba,Outubro,135,20060101
2007,Paraiba,Outubro,111,20070101
2008,Paraiba,Outubro,80,20080101
2009,Paraiba,Outubro,117,20090101
2010,Paraiba,Outubro,150,20100101
2011,Paraiba,Outubro,200,20110101
2012,Paraiba,Outubro,136,20120101
2013,Paraiba,Outubro,58,20130101
2014,Paraiba,Outubro,70,20140101
2015,Paraiba,Outubro,121,20150101
2016,Paraiba,Outubro,304,20160101
2017,Paraiba,Outubro,123,20170101
1998,Paraiba,Novembro,46,19980101
1999,Paraiba,Novembro,38,19990101
2000,Paraiba,Novembro,65,20000101
2001,Paraiba,Novembro,294,20010101
2002,Paraiba,Novembro,238,20020101
2003,Paraiba,Novembro,538,20030101
2004,Paraiba,Novembro,331,20040101
2005,Paraiba,Novembro,280,20050101
2006,Paraiba,Novembro,215,20060101
2007,Paraiba,Novembro,256,20070101
2008,Paraiba,Novembro,175,20080101
2009,Paraiba,Novembro,428,20090101
2010,Paraiba,Novembro,451,20100101
2011,Paraiba,Novembro,359,20110101
2012,Paraiba,Novembro,130,20120101
2013,Paraiba,Novembro,95,20130101
2014,Paraiba,Novembro,111,20140101
2015,Paraiba,Novembro,206,20150101
2016,Paraiba,Novembro,132,20160101
2017,Paraiba,Novembro,101,20170101
1998,Paraiba,Dezembro,51,19980101
1999,Paraiba,Dezembro,40,19990101
2000,Paraiba,Dezembro,34,20000101
2001,Paraiba,Dezembro,70,20010101
2002,Paraiba,Dezembro,163,20020101
2003,Paraiba,Dezembro,288,20030101
2004,Paraiba,Dezembro,351,20040101
2005,Paraiba,Dezembro,159,20050101
2006,Paraiba,Dezembro,196,20060101
2007,Paraiba,Dezembro,133,20070101
2008,Paraiba,Dezembro,187,20080101
2009,Paraiba,Dezembro,270,20090101
2010,Paraiba,Dezembro,65,20100101
2011,Paraiba,Dezembro,179,20110101
2012,Paraiba,Dezembro,62,20120101
2013,Paraiba,Dezembro,78,20130101
2014,Paraiba,Dezembro,62,20140101
2015,Paraiba,Dezembro,122,20150101
2016,Paraiba,Dezembro,8,20160101
1998,Paraiba,Janeiro,0,19980101
1999,Paraiba,Janeiro,7,19990101
2000,Paraiba,Janeiro,49,20000101
2001,Paraiba,Janeiro,32,20010101
2002,Paraiba,Janeiro,47,20020101
2003,Paraiba,Janeiro,109,20030101
2004,Paraiba,Janeiro,88,20040101
2005,Paraiba,Janeiro,55,20050101
2006,Paraiba,Janeiro,78,20060101
2007,Paraiba,Janeiro,11,20070101
2008,Paraiba,Janeiro,35,20080101
2009,Paraiba,Janeiro,35,20090101
2010,Paraiba,Janeiro,18,20100101
2011,Paraiba,Janeiro,35,20110101
2012,Paraiba,Janeiro,31,20120101
2013,Paraiba,Janeiro,28,20130101
2014,Paraiba,Janeiro,86,20140101
2015,Paraiba,Janeiro,120,20150101
2016,Paraiba,Janeiro,113,20160101
2017,Paraiba,Janeiro,55,20170101
1998,Paraiba,Fevereiro,0,19980101
1999,Paraiba,Fevereiro,22,19990101
2000,Paraiba,Fevereiro,67,20000101
2001,Paraiba,Fevereiro,8,20010101
2002,Paraiba,Fevereiro,24,20020101
2003,Paraiba,Fevereiro,46,20030101
2004,Paraiba,Fevereiro,42,20040101
2005,Paraiba,Fevereiro,77,20050101
2006,Paraiba,Fevereiro,60,20060101
2007,Paraiba,Fevereiro,32,20070101
2008,Paraiba,Fevereiro,38,20080101
2009,Paraiba,Fevereiro,21,20090101
2010,Paraiba,Fevereiro,46,20100101
2011,Paraiba,Fevereiro,8,20110101
2012,Paraiba,Fevereiro,40,20120101
2013,Paraiba,Fevereiro,9,20130101
2014,Paraiba,Fevereiro,52,20140101
2015,Paraiba,Fevereiro,58,20150101
2016,Paraiba,Fevereiro,31,20160101
2017,Paraiba,Fevereiro,60,20170101
1998,Paraiba,Mar�o,0,19980101
1999,Paraiba,Mar�o,40,19990101
2000,Paraiba,Mar�o,52,20000101
2001,Paraiba,Mar�o,12,20010101
2002,Paraiba,Mar�o,18,20020101
2003,Paraiba,Mar�o,76,20030101
2004,Paraiba,Mar�o,83,20040101
2005,Paraiba,Mar�o,84,20050101
2006,Paraiba,Mar�o,56,20060101
2007,Paraiba,Mar�o,54,20070101
2008,Paraiba,Mar�o,43,20080101
2009,Paraiba,Mar�o,57,20090101
2010,Paraiba,Mar�o,22,20100101
2011,Paraiba,Mar�o,21,20110101
2012,Paraiba,Mar�o,55,20120101
2013,Paraiba,Mar�o,18,20130101
2014,Paraiba,Mar�o,42,20140101
2015,Paraiba,Mar�o,55,20150101
2016,Paraiba,Mar�o,63,20160101
2017,Paraiba,Mar�o,43,20170101
1998,Paraiba,Abril,0,19980101
1999,Paraiba,Abril,39,19990101
2000,Paraiba,Abril,51,20000101
2001,Paraiba,Abril,43,20010101
2002,Paraiba,Abril,84,20020101
2003,Paraiba,Abril,130,20030101
2004,Paraiba,Abril,68,20040101
2005,Paraiba,Abril,22,20050101
2006,Paraiba,Abril,49,20060101
2007,Paraiba,Abril,14,20070101
2008,Paraiba,Abril,62,20080101
2009,Paraiba,Abril,80,20090101
2010,Paraiba,Abril,71,20100101
2011,Paraiba,Abril,38,20110101
2012,Paraiba,Abril,38,20120101
2013,Paraiba,Abril,72,20130101
2014,Paraiba,Abril,38,20140101
2015,Paraiba,Abril,83,20150101
2016,Paraiba,Abril,167,20160101
2017,Paraiba,Abril,77,20170101
1998,Paraiba,Maio,0,19980101
1999,Paraiba,Maio,57,19990101
2000,Paraiba,Maio,43,20000101
2001,Paraiba,Maio,26,20010101
2002,Paraiba,Maio,65,20020101
2003,Paraiba,Maio,115,20030101
2004,Paraiba,Maio,9,20040101
2005,Paraiba,Maio,125,20050101
2006,Paraiba,Maio,90,20060101
2007,Paraiba,Maio,14,20070101
2008,Paraiba,Maio,41,20080101
2009,Paraiba,Maio,117,20090101
2010,Paraiba,Maio,39,20100101
2011,Paraiba,Maio,97,20110101
2012,Paraiba,Maio,86,20120101
2013,Paraiba,Maio,85,20130101
2014,Paraiba,Maio,109,20140101
2015,Paraiba,Maio,77,20150101
2016,Paraiba,Maio,72,20160101
2017,Paraiba,Maio,49,20170101
1998,Paraiba,Junho,36,19980101
1999,Paraiba,Junho,31,19990101
2000,Paraiba,Junho,53,20000101
2001,Paraiba,Junho,43,20010101
2002,Paraiba,Junho,115,20020101
2003,Paraiba,Junho,159,20030101
2004,Paraiba,Junho,147,20040101
2005,Paraiba,Junho,114,20050101
2006,Paraiba,Junho,62,20060101
2007,Paraiba,Junho,57,20070101
2008,Paraiba,Junho,17,20080101
2009,Paraiba,Junho,105,20090101
2010,Paraiba,Junho,55,20100101
2011,Paraiba,Junho,162,20110101
2012,Paraiba,Junho,77,20120101
2013,Paraiba,Junho,52,20130101
2014,Paraiba,Junho,112,20140101
2015,Paraiba,Junho,201,20150101
2016,Paraiba,Junho,238,20160101
2017,Paraiba,Junho,169,20170101
1998,Paraiba,Julho,59,19980101
1999,Paraiba,Julho,94,19990101
2000,Paraiba,Julho,98,20000101
2001,Paraiba,Julho,122,20010101
2002,Paraiba,Julho,172,20020101
2003,Paraiba,Julho,101,20030101
2004,Paraiba,Julho,148,20040101
2005,Paraiba,Julho,155,20050101
2006,Paraiba,Julho,139,20060101
2007,Paraiba,Julho,60,20070101
2008,Paraiba,Julho,87,20080101
2009,Paraiba,Julho,34,20090101
2010,Paraiba,Julho,196,20100101
2011,Paraiba,Julho,262,20110101
2012,Paraiba,Julho,111,20120101
2013,Paraiba,Julho,168,20130101
2014,Paraiba,Julho,215,20140101
2015,Paraiba,Julho,137,20150101
2016,Paraiba,Julho,504,20160101
2017,Paraiba,Julho,891,20170101
1998,Paraiba,Agosto,42,19980101
1999,Paraiba,Agosto,938,19990101
2000,Paraiba,Agosto,849,20000101
2001,Paraiba,Agosto,342,20010101
2002,Paraiba,Agosto,1.593,20020101
2003,Paraiba,Agosto,1.896,20030101
2004,Paraiba,Agosto,1.237,20040101
2005,Paraiba,Agosto,800,20050101
2006,Paraiba,Agosto,844,20060101
2007,Paraiba,Agosto,580,20070101
2008,Paraiba,Agosto,205,20080101
2009,Paraiba,Agosto,844,20090101
2010,Paraiba,Agosto,733,20100101
2011,Paraiba,Agosto,435,20110101
2012,Paraiba,Agosto,522,20120101
2013,Paraiba,Agosto,481,20130101
2014,Paraiba,Agosto,646,20140101
2015,Paraiba,Agosto,651,20150101
2016,Paraiba,Agosto,1.01,20160101
2017,Paraiba,Agosto,987,20170101
1998,Paraiba,Setembro,61,19980101
1999,Paraiba,Setembro,878,19990101
2000,Paraiba,Setembro,381,20000101
2001,Paraiba,Setembro,258,20010101
2002,Paraiba,Setembro,1.071,20020101
2003,Paraiba,Setembro,2.446,20030101
2004,Paraiba,Setembro,1.36,20040101
2005,Paraiba,Setembro,386,20050101
2006,Paraiba,Setembro,866,20060101
2007,Paraiba,Setembro,960,20070101
2008,Paraiba,Setembro,413,20080101
2009,Paraiba,Setembro,149,20090101
2010,Paraiba,Setembro,270,20100101
2011,Paraiba,Setembro,913,20110101
2012,Paraiba,Setembro,459,20120101
2013,Paraiba,Setembro,476,20130101
2014,Paraiba,Setembro,443,20140101
2015,Paraiba,Setembro,599,20150101
2016,Paraiba,Setembro,1.371,20160101
2017,Paraiba,Setembro,1.706,20170101
1998,Paraiba,Outubro,61,19980101
1999,Paraiba,Outubro,452,19990101
2000,Paraiba,Outubro,658,20000101
2001,Paraiba,Outubro,209,20010101
2002,Paraiba,Outubro,399,20020101
2003,Paraiba,Outubro,1.228,20030101
2004,Paraiba,Outubro,666,20040101
2005,Paraiba,Outubro,157,20050101
2006,Paraiba,Outubro,327,20060101
2007,Paraiba,Outubro,194,20070101
2008,Paraiba,Outubro,78,20080101
2009,Paraiba,Outubro,424,20090101
2010,Paraiba,Outubro,230,20100101
2011,Paraiba,Outubro,256,20110101
2012,Paraiba,Outubro,145,20120101
2013,Paraiba,Outubro,233,20130101
2014,Paraiba,Outubro,411,20140101
2015,Paraiba,Outubro,158,20150101
2016,Paraiba,Outubro,193,20160101
2017,Paraiba,Outubro,134,20170101
1998,Paraiba,Novembro,143,19980101
1999,Paraiba,Novembro,447,19990101
2000,Paraiba,Novembro,85,20000101
2001,Paraiba,Novembro,89,20010101
2002,Paraiba,Novembro,425,20020101
2003,Paraiba,Novembro,503,20030101
2004,Paraiba,Novembro,388,20040101
2005,Paraiba,Novembro,597,20050101
2006,Paraiba,Novembro,60,20060101
2007,Paraiba,Novembro,59,20070101
2008,Paraiba,Novembro,39,20080101
2009,Paraiba,Novembro,90,20090101
2010,Paraiba,Novembro,183,20100101
2011,Paraiba,Novembro,138,20110101
2012,Paraiba,Novembro,142,20120101
2013,Paraiba,Novembro,126,20130101
2014,Paraiba,Novembro,68,20140101
2015,Paraiba,Novembro,18,20150101
2016,Paraiba,Novembro,275,20160101
2017,Paraiba,Novembro,292,20170101
1998,Paraiba,Dezembro,82,19980101
1999,Paraiba,Dezembro,254,19990101
2000,Paraiba,Dezembro,159,20000101
2001,Paraiba,Dezembro,85,20010101
2002,Paraiba,Dezembro,165,20020101
2003,Paraiba,Dezembro,171,20030101
2004,Paraiba,Dezembro,151,20040101
2005,Paraiba,Dezembro,40,20050101
2006,Paraiba,Dezembro,6,20060101
2007,Paraiba,Dezembro,22,20070101
2008,Paraiba,Dezembro,62,20080101
2009,Paraiba,Dezembro,30,20090101
2010,Paraiba,Dezembro,37,20100101
2011,Paraiba,Dezembro,78,20110101
2012,Paraiba,Dezembro,54,20120101
2013,Paraiba,Dezembro,155,20130101
2014,Paraiba,Dezembro,78,20140101
2015,Paraiba,Dezembro,30,20150101
2016,Paraiba,Dezembro,45,20160101
1998,Pernambuco,Janeiro,0,19980101
1999,Pernambuco,Janeiro,102,19990101
2000,Pernambuco,Janeiro,3,20000101
2001,Pernambuco,Janeiro,7,20010101
2002,Pernambuco,Janeiro,10,20020101
2003,Pernambuco,Janeiro,188,20030101
2004,Pernambuco,Janeiro,29,20040101
2005,Pernambuco,Janeiro,221,20050101
2006,Pernambuco,Janeiro,148,20060101
2007,Pernambuco,Janeiro,156,20070101
2008,Pernambuco,Janeiro,170,20080101
2009,Pernambuco,Janeiro,256,20090101
2010,Pernambuco,Janeiro,47,20100101
2011,Pernambuco,Janeiro,49,20110101
2012,Pernambuco,Janeiro,146,20120101
2013,Pernambuco,Janeiro,55,20130101
2014,Pernambuco,Janeiro,99,20140101
2015,Pernambuco,Janeiro,109,20150101
2016,Pernambuco,Janeiro,24,20160101
2017,Pernambuco,Janeiro,52,20170101
1998,Pernambuco,Fevereiro,0,19980101
1999,Pernambuco,Fevereiro,13,19990101
2000,Pernambuco,Fevereiro,4,20000101
2001,Pernambuco,Fevereiro,2,20010101
2002,Pernambuco,Fevereiro,19,20020101
2003,Pernambuco,Fevereiro,35,20030101
2004,Pernambuco,Fevereiro,8,20040101
2005,Pernambuco,Fevereiro,33,20050101
2006,Pernambuco,Fevereiro,41,20060101
2007,Pernambuco,Fevereiro,21,20070101
2008,Pernambuco,Fevereiro,48,20080101
2009,Pernambuco,Fevereiro,28,20090101
2010,Pernambuco,Fevereiro,33,20100101
2011,Pernambuco,Fevereiro,25,20110101
2012,Pernambuco,Fevereiro,64,20120101
2013,Pernambuco,Fevereiro,29,20130101
2014,Pernambuco,Fevereiro,25,20140101
2015,Pernambuco,Fevereiro,55,20150101
2016,Pernambuco,Fevereiro,19,20160101
2017,Pernambuco,Fevereiro,23,20170101
1998,Pernambuco,Mar�o,0,19980101
1999,Pernambuco,Mar�o,27,19990101
2000,Pernambuco,Mar�o,14,20000101
2001,Pernambuco,Mar�o,0,20010101
2002,Pernambuco,Mar�o,24,20020101
2003,Pernambuco,Mar�o,9,20030101
2004,Pernambuco,Mar�o,6,20040101
2005,Pernambuco,Mar�o,45,20050101
2006,Pernambuco,Mar�o,18,20060101
2007,Pernambuco,Mar�o,4,20070101
2008,Pernambuco,Mar�o,32,20080101
2009,Pernambuco,Mar�o,15,20090101
2010,Pernambuco,Mar�o,59,20100101
2011,Pernambuco,Mar�o,39,20110101
2012,Pernambuco,Mar�o,44,20120101
2013,Pernambuco,Mar�o,40,20130101
2014,Pernambuco,Mar�o,36,20140101
2015,Pernambuco,Mar�o,33,20150101
2016,Pernambuco,Mar�o,4,20160101
2017,Pernambuco,Mar�o,7,20170101
1998,Pernambuco,Abril,0,19980101
1999,Pernambuco,Abril,2,19990101
2000,Pernambuco,Abril,1,20000101
2001,Pernambuco,Abril,2,20010101
2002,Pernambuco,Abril,5,20020101
2003,Pernambuco,Abril,7,20030101
2004,Pernambuco,Abril,5,20040101
2005,Pernambuco,Abril,1,20050101
2006,Pernambuco,Abril,2,20060101
2007,Pernambuco,Abril,1,20070101
2008,Pernambuco,Abril,5,20080101
2009,Pernambuco,Abril,3,20090101
2010,Pernambuco,Abril,2,20100101
2011,Pernambuco,Abril,22,20110101
2012,Pernambuco,Abril,46,20120101
2013,Pernambuco,Abril,11,20130101
2014,Pernambuco,Abril,10,20140101
2015,Pernambuco,Abril,30,20150101
2016,Pernambuco,Abril,8,20160101
2017,Pernambuco,Abril,9,20170101
1998,Pernambuco,Maio,0,19980101
1999,Pernambuco,Maio,6,19990101
2000,Pernambuco,Maio,7,20000101
2001,Pernambuco,Maio,5,20010101
2002,Pernambuco,Maio,13,20020101
2003,Pernambuco,Maio,1,20030101
2004,Pernambuco,Maio,2,20040101
2005,Pernambuco,Maio,1,20050101
2006,Pernambuco,Maio,1,20060101
2007,Pernambuco,Maio,0,20070101
2008,Pernambuco,Maio,0,20080101
2009,Pernambuco,Maio,0,20090101
2010,Pernambuco,Maio,8,20100101
2011,Pernambuco,Maio,1,20110101
2012,Pernambuco,Maio,36,20120101
2013,Pernambuco,Maio,9,20130101
2014,Pernambuco,Maio,4,20140101
2015,Pernambuco,Maio,17,20150101
2016,Pernambuco,Maio,6,20160101
2017,Pernambuco,Maio,13,20170101
1998,Pernambuco,Junho,1,19980101
1999,Pernambuco,Junho,7,19990101
2000,Pernambuco,Junho,4,20000101
2001,Pernambuco,Junho,2,20010101
2002,Pernambuco,Junho,1,20020101
2003,Pernambuco,Junho,2,20030101
2004,Pernambuco,Junho,4,20040101
2005,Pernambuco,Junho,3,20050101
2006,Pernambuco,Junho,0,20060101
2007,Pernambuco,Junho,1,20070101
2008,Pernambuco,Junho,0,20080101
2009,Pernambuco,Junho,1,20090101
2010,Pernambuco,Junho,1,20100101
2011,Pernambuco,Junho,4,20110101
2012,Pernambuco,Junho,12,20120101
2013,Pernambuco,Junho,12,20130101
2014,Pernambuco,Junho,3,20140101
2015,Pernambuco,Junho,3,20150101
2016,Pernambuco,Junho,4,20160101
2017,Pernambuco,Junho,5,20170101
1998,Pernambuco,Julho,5,19980101
1999,Pernambuco,Julho,2,19990101
2000,Pernambuco,Julho,0,20000101
2001,Pernambuco,Julho,6,20010101
2002,Pernambuco,Julho,8,20020101
2003,Pernambuco,Julho,5,20030101
2004,Pernambuco,Julho,13,20040101
2005,Pernambuco,Julho,1,20050101
2006,Pernambuco,Julho,1,20060101
2007,Pernambuco,Julho,3,20070101
2008,Pernambuco,Julho,0,20080101
2009,Pernambuco,Julho,1,20090101
2010,Pernambuco,Julho,7,20100101
2011,Pernambuco,Julho,2,20110101
2012,Pernambuco,Julho,11,20120101
2013,Pernambuco,Julho,4,20130101
2014,Pernambuco,Julho,11,20140101
2015,Pernambuco,Julho,13,20150101
2016,Pernambuco,Julho,17,20160101
2017,Pernambuco,Julho,2,20170101
1998,Pernambuco,Agosto,12,19980101
1999,Pernambuco,Agosto,3,19990101
2000,Pernambuco,Agosto,31,20000101
2001,Pernambuco,Agosto,27,20010101
2002,Pernambuco,Agosto,37,20020101
2003,Pernambuco,Agosto,26,20030101
2004,Pernambuco,Agosto,41,20040101
2005,Pernambuco,Agosto,10,20050101
2006,Pernambuco,Agosto,8,20060101
2007,Pernambuco,Agosto,20,20070101
2008,Pernambuco,Agosto,2,20080101
2009,Pernambuco,Agosto,10,20090101
2010,Pernambuco,Agosto,29,20100101
2011,Pernambuco,Agosto,27,20110101
2012,Pernambuco,Agosto,27,20120101
2013,Pernambuco,Agosto,14,20130101
2014,Pernambuco,Agosto,23,20140101
2015,Pernambuco,Agosto,21,20150101
2016,Pernambuco,Agosto,42,20160101
2017,Pernambuco,Agosto,20,20170101
1998,Pernambuco,Setembro,177,19980101
1999,Pernambuco,Setembro,64,19990101
2000,Pernambuco,Setembro,130,20000101
2001,Pernambuco,Setembro,298,20010101
2002,Pernambuco,Setembro,374,20020101
2003,Pernambuco,Setembro,510,20030101
2004,Pernambuco,Setembro,192,20040101
2005,Pernambuco,Setembro,154,20050101
2006,Pernambuco,Setembro,147,20060101
2007,Pernambuco,Setembro,164,20070101
2008,Pernambuco,Setembro,92,20080101
2009,Pernambuco,Setembro,164,20090101
2010,Pernambuco,Setembro,179,20100101
2011,Pernambuco,Setembro,243,20110101
2012,Pernambuco,Setembro,192,20120101
2013,Pernambuco,Setembro,143,20130101
2014,Pernambuco,Setembro,63,20140101
2015,Pernambuco,Setembro,116,20150101
2016,Pernambuco,Setembro,171,20160101
2017,Pernambuco,Setembro,69,20170101
1998,Pernambuco,Outubro,372,19980101
1999,Pernambuco,Outubro,180,19990101
2000,Pernambuco,Outubro,411,20000101
2001,Pernambuco,Outubro,461,20010101
2002,Pernambuco,Outubro,638,20020101
2003,Pernambuco,Outubro,859,20030101
2004,Pernambuco,Outubro,545,20040101
2005,Pernambuco,Outubro,408,20050101
2006,Pernambuco,Outubro,310,20060101
2007,Pernambuco,Outubro,702,20070101
2008,Pernambuco,Outubro,274,20080101
2009,Pernambuco,Outubro,254,20090101
2010,Pernambuco,Outubro,347,20100101
2011,Pernambuco,Outubro,461,20110101
2012,Pernambuco,Outubro,222,20120101
2013,Pernambuco,Outubro,161,20130101
2014,Pernambuco,Outubro,174,20140101
2015,Pernambuco,Outubro,194,20150101
2016,Pernambuco,Outubro,319,20160101
2017,Pernambuco,Outubro,256,20170101
1998,Pernambuco,Novembro,141,19980101
1999,Pernambuco,Novembro,41,19990101
2000,Pernambuco,Novembro,64,20000101
2001,Pernambuco,Novembro,208,20010101
2002,Pernambuco,Novembro,521,20020101
2003,Pernambuco,Novembro,560,20030101
2004,Pernambuco,Novembro,465,20040101
2005,Pernambuco,Novembro,452,20050101
2006,Pernambuco,Novembro,385,20060101
2007,Pernambuco,Novembro,359,20070101
2008,Pernambuco,Novembro,363,20080101
2009,Pernambuco,Novembro,486,20090101
2010,Pernambuco,Novembro,831,20100101
2011,Pernambuco,Novembro,352,20110101
2012,Pernambuco,Novembro,181,20120101
2013,Pernambuco,Novembro,110,20130101
2014,Pernambuco,Novembro,111,20140101
2015,Pernambuco,Novembro,315,20150101
2016,Pernambuco,Novembro,191,20160101
2017,Pernambuco,Novembro,66,20170101
1998,Pernambuco,Dezembro,59,19980101
1999,Pernambuco,Dezembro,16,19990101
2000,Pernambuco,Dezembro,22,20000101
2001,Pernambuco,Dezembro,62,20010101
2002,Pernambuco,Dezembro,259,20020101
2003,Pernambuco,Dezembro,229,20030101
2004,Pernambuco,Dezembro,373,20040101
2005,Pernambuco,Dezembro,191,20050101
2006,Pernambuco,Dezembro,207,20060101
2007,Pernambuco,Dezembro,200,20070101
2008,Pernambuco,Dezembro,203,20080101
2009,Pernambuco,Dezembro,351,20090101
2010,Pernambuco,Dezembro,117,20100101
2011,Pernambuco,Dezembro,364,20110101
2012,Pernambuco,Dezembro,108,20120101
2013,Pernambuco,Dezembro,141,20130101
2014,Pernambuco,Dezembro,101,20140101
2015,Pernambuco,Dezembro,176,20150101
2016,Pernambuco,Dezembro,161,20160101
1998,Piau,Janeiro,0,19980101
1999,Piau,Janeiro,21,19990101
2000,Piau,Janeiro,5,20000101
2001,Piau,Janeiro,29,20010101
2002,Piau,Janeiro,33,20020101
2003,Piau,Janeiro,86,20030101
2004,Piau,Janeiro,42,20040101
2005,Piau,Janeiro,94,20050101
2006,Piau,Janeiro,133,20060101
2007,Piau,Janeiro,123,20070101
2008,Piau,Janeiro,61,20080101
2009,Piau,Janeiro,79,20090101
2010,Piau,Janeiro,99,20100101
2011,Piau,Janeiro,39,20110101
2012,Piau,Janeiro,80,20120101
2013,Piau,Janeiro,72,20130101
2014,Piau,Janeiro,79,20140101
2015,Piau,Janeiro,92,20150101
2016,Piau,Janeiro,94,20160101
2017,Piau,Janeiro,85,20170101
1998,Piau,Fevereiro,0,19980101
1999,Piau,Fevereiro,22,19990101
2000,Piau,Fevereiro,12,20000101
2001,Piau,Fevereiro,0,20010101
2002,Piau,Fevereiro,160,20020101
2003,Piau,Fevereiro,3,20030101
2004,Piau,Fevereiro,20,20040101
2005,Piau,Fevereiro,26,20050101
2006,Piau,Fevereiro,23,20060101
2007,Piau,Fevereiro,11,20070101
2008,Piau,Fevereiro,21,20080101
2009,Piau,Fevereiro,19,20090101
2010,Piau,Fevereiro,54,20100101
2011,Piau,Fevereiro,11,20110101
2012,Piau,Fevereiro,31,20120101
2013,Piau,Fevereiro,68,20130101
2014,Piau,Fevereiro,14,20140101
2015,Piau,Fevereiro,38,20150101
2016,Piau,Fevereiro,97,20160101
2017,Piau,Fevereiro,24,20170101
1998,Piau,Mar�o,0,19980101
1999,Piau,Mar�o,4,19990101
2000,Piau,Mar�o,14,20000101
2001,Piau,Mar�o,2,20010101
2002,Piau,Mar�o,63,20020101
2003,Piau,Mar�o,15,20030101
2004,Piau,Mar�o,27,20040101
2005,Piau,Mar�o,13,20050101
2006,Piau,Mar�o,18,20060101
2007,Piau,Mar�o,31,20070101
2008,Piau,Mar�o,4,20080101
2009,Piau,Mar�o,17,20090101
2010,Piau,Mar�o,47,20100101
2011,Piau,Mar�o,15,20110101
2012,Piau,Mar�o,71,20120101
2013,Piau,Mar�o,14,20130101
2014,Piau,Mar�o,88,20140101
2015,Piau,Mar�o,35,20150101
2016,Piau,Mar�o,53,20160101
2017,Piau,Mar�o,25,20170101
1998,Piau,Abril,0,19980101
1999,Piau,Abril,10,19990101
2000,Piau,Abril,15,20000101
2001,Piau,Abril,1,20010101
2002,Piau,Abril,87,20020101
2003,Piau,Abril,22,20030101
2004,Piau,Abril,10,20040101
2005,Piau,Abril,3,20050101
2006,Piau,Abril,1,20060101
2007,Piau,Abril,9,20070101
2008,Piau,Abril,7,20080101
2009,Piau,Abril,8,20090101
2010,Piau,Abril,56,20100101
2011,Piau,Abril,16,20110101
2012,Piau,Abril,119,20120101
2013,Piau,Abril,34,20130101
2014,Piau,Abril,63,20140101
2015,Piau,Abril,50,20150101
2016,Piau,Abril,35,20160101
2017,Piau,Abril,25,20170101
1998,Piau,Maio,0,19980101
1999,Piau,Maio,8,19990101
2000,Piau,Maio,25,20000101
2001,Piau,Maio,36,20010101
2002,Piau,Maio,84,20020101
2003,Piau,Maio,13,20030101
2004,Piau,Maio,80,20040101
2005,Piau,Maio,22,20050101
2006,Piau,Maio,0,20060101
2007,Piau,Maio,52,20070101
2008,Piau,Maio,12,20080101
2009,Piau,Maio,12,20090101
2010,Piau,Maio,231,20100101
2011,Piau,Maio,77,20110101
2012,Piau,Maio,334,20120101
2013,Piau,Maio,40,20130101
2014,Piau,Maio,138,20140101
2015,Piau,Maio,66,20150101
2016,Piau,Maio,60,20160101
2017,Piau,Maio,36,20170101
1998,Piau,Junho,46,19980101
1999,Piau,Junho,47,19990101
2000,Piau,Junho,18,20000101
2001,Piau,Junho,87,20010101
2002,Piau,Junho,161,20020101
2003,Piau,Junho,88,20030101
2004,Piau,Junho,239,20040101
2005,Piau,Junho,171,20050101
2006,Piau,Junho,40,20060101
2007,Piau,Junho,303,20070101
2008,Piau,Junho,33,20080101
2009,Piau,Junho,56,20090101
2010,Piau,Junho,208,20100101
2011,Piau,Junho,462,20110101
2012,Piau,Junho,834,20120101
2013,Piau,Junho,263,20130101
2014,Piau,Junho,373,20140101
2015,Piau,Junho,283,20150101
2016,Piau,Junho,153,20160101
2017,Piau,Junho,193,20170101
1998,Piau,Julho,189,19980101
1999,Piau,Julho,123,19990101
2000,Piau,Julho,75,20000101
2001,Piau,Julho,337,20010101
2002,Piau,Julho,534,20020101
2003,Piau,Julho,407,20030101
2004,Piau,Julho,564,20040101
2005,Piau,Julho,445,20050101
2006,Piau,Julho,150,20060101
2007,Piau,Julho,919,20070101
2008,Piau,Julho,97,20080101
2009,Piau,Julho,302,20090101
2010,Piau,Julho,1.696,20100101
2011,Piau,Julho,864,20110101
2012,Piau,Julho,1.755,20120101
2013,Piau,Julho,361,20130101
2014,Piau,Julho,1.177,20140101
2015,Piau,Julho,690,20150101
2016,Piau,Julho,754,20160101
2017,Piau,Julho,643,20170101
1998,Piau,Agosto,711,19980101
1999,Piau,Agosto,499,19990101
2000,Piau,Agosto,415,20000101
2001,Piau,Agosto,1.133,20010101
2002,Piau,Agosto,2.28,20020101
2003,Piau,Agosto,864,20030101
2004,Piau,Agosto,1.002,20040101
2005,Piau,Agosto,943,20050101
2006,Piau,Agosto,911,20060101
2007,Piau,Agosto,3.551,20070101
2008,Piau,Agosto,290,20080101
2009,Piau,Agosto,790,20090101
2010,Piau,Agosto,4.035,20100101
2011,Piau,Agosto,1.958,20110101
2012,Piau,Agosto,3.614,20120101
2013,Piau,Agosto,1.015,20130101
2014,Piau,Agosto,2.265,20140101
2015,Piau,Agosto,2.057,20150101
2016,Piau,Agosto,1.647,20160101
2017,Piau,Agosto,1.572,20170101
1998,Piau,Setembro,1.991,19980101
1999,Piau,Setembro,872,19990101
2000,Piau,Setembro,1.099,20000101
2001,Piau,Setembro,2.401,20010101
2002,Piau,Setembro,2.475,20020101
2003,Piau,Setembro,3.399,20030101
2004,Piau,Setembro,2.662,20040101
2005,Piau,Setembro,3.136,20050101
2006,Piau,Setembro,1.618,20060101
2007,Piau,Setembro,4.078,20070101
2008,Piau,Setembro,1.472,20080101
2009,Piau,Setembro,1.709,20090101
2010,Piau,Setembro,5.392,20100101
2011,Piau,Setembro,4.402,20110101
2012,Piau,Setembro,4.479,20120101
2013,Piau,Setembro,2.311,20130101
2014,Piau,Setembro,2.536,20140101
2015,Piau,Setembro,5.828,20150101
2016,Piau,Setembro,1.394,20160101
2017,Piau,Setembro,3.422,20170101
1998,Piau,Outubro,2.586,19980101
1999,Piau,Outubro,1.438,19990101
2000,Piau,Outubro,2.558,20000101
2001,Piau,Outubro,3.742,20010101
2002,Piau,Outubro,2.757,20020101
2003,Piau,Outubro,2.332,20030101
2004,Piau,Outubro,2.144,20040101
2005,Piau,Outubro,3.263,20050101
2006,Piau,Outubro,1.443,20060101
2007,Piau,Outubro,2.331,20070101
2008,Piau,Outubro,1.83,20080101
2009,Piau,Outubro,913,20090101
2010,Piau,Outubro,3.863,20100101
2011,Piau,Outubro,1.484,20110101
2012,Piau,Outubro,2.506,20120101
2013,Piau,Outubro,1.269,20130101
2014,Piau,Outubro,1.788,20140101
2015,Piau,Outubro,4.068,20150101
2016,Piau,Outubro,2.598,20160101
2017,Piau,Outubro,3.004,20170101
1998,Piau,Novembro,424,19980101
1999,Piau,Novembro,334,19990101
2000,Piau,Novembro,450,20000101
2001,Piau,Novembro,1.484,20010101
2002,Piau,Novembro,1.174,20020101
2003,Piau,Novembro,1.248,20030101
2004,Piau,Novembro,1.798,20040101
2005,Piau,Novembro,1.599,20050101
2006,Piau,Novembro,740,20060101
2007,Piau,Novembro,939,20070101
2008,Piau,Novembro,594,20080101
2009,Piau,Novembro,1.336,20090101
2010,Piau,Novembro,1.417,20100101
2011,Piau,Novembro,825,20110101
2012,Piau,Novembro,447,20120101
2013,Piau,Novembro,640,20130101
2014,Piau,Novembro,717,20140101
2015,Piau,Novembro,897,20150101
2016,Piau,Novembro,1.126,20160101
2017,Piau,Novembro,449,20170101
1998,Piau,Dezembro,119,19980101
1999,Piau,Dezembro,74,19990101
2000,Piau,Dezembro,79,20000101
2001,Piau,Dezembro,230,20010101
2002,Piau,Dezembro,373,20020101
2003,Piau,Dezembro,459,20030101
2004,Piau,Dezembro,788,20040101
2005,Piau,Dezembro,486,20050101
2006,Piau,Dezembro,339,20060101
2007,Piau,Dezembro,317,20070101
2008,Piau,Dezembro,329,20080101
2009,Piau,Dezembro,570,20090101
2010,Piau,Dezembro,357,20100101
2011,Piau,Dezembro,362,20110101
2012,Piau,Dezembro,334,20120101
2013,Piau,Dezembro,468,20130101
2014,Piau,Dezembro,346,20140101
2015,Piau,Dezembro,626,20150101
2016,Piau,Dezembro,374,20160101
1998,Rondonia,Janeiro,0,19980101
1999,Rondonia,Janeiro,1,19990101
2000,Rondonia,Janeiro,0,20000101
2001,Rondonia,Janeiro,0,20010101
2002,Rondonia,Janeiro,6,20020101
2003,Rondonia,Janeiro,62,20030101
2004,Rondonia,Janeiro,30,20040101
2005,Rondonia,Janeiro,99,20050101
2006,Rondonia,Janeiro,16,20060101
2007,Rondonia,Janeiro,33,20070101
2008,Rondonia,Janeiro,4,20080101
2009,Rondonia,Janeiro,17,20090101
2010,Rondonia,Janeiro,18,20100101
2011,Rondonia,Janeiro,1,20110101
2012,Rondonia,Janeiro,2,20120101
2013,Rondonia,Janeiro,7,20130101
2014,Rondonia,Janeiro,12,20140101
2015,Rondonia,Janeiro,30,20150101
2016,Rondonia,Janeiro,93,20160101
2017,Rondonia,Janeiro,44,20170101
1998,Rondonia,Fevereiro,0,19980101
1999,Rondonia,Fevereiro,1,19990101
2000,Rondonia,Fevereiro,6,20000101
2001,Rondonia,Fevereiro,2,20010101
2002,Rondonia,Fevereiro,8,20020101
2003,Rondonia,Fevereiro,10,20030101
2004,Rondonia,Fevereiro,12,20040101
2005,Rondonia,Fevereiro,42,20050101
2006,Rondonia,Fevereiro,17,20060101
2007,Rondonia,Fevereiro,8,20070101
2008,Rondonia,Fevereiro,7,20080101
2009,Rondonia,Fevereiro,1,20090101
2010,Rondonia,Fevereiro,9,20100101
2011,Rondonia,Fevereiro,2,20110101
2012,Rondonia,Fevereiro,9,20120101
2013,Rondonia,Fevereiro,8,20130101
2014,Rondonia,Fevereiro,5,20140101
2015,Rondonia,Fevereiro,22,20150101
2016,Rondonia,Fevereiro,88,20160101
2017,Rondonia,Fevereiro,10,20170101
1998,Rondonia,Mar�o,0,19980101
1999,Rondonia,Mar�o,8,19990101
2000,Rondonia,Mar�o,9,20000101
2001,Rondonia,Mar�o,0,20010101
2002,Rondonia,Mar�o,1,20020101
2003,Rondonia,Mar�o,13,20030101
2004,Rondonia,Mar�o,20,20040101
2005,Rondonia,Mar�o,17,20050101
2006,Rondonia,Mar�o,15,20060101
2007,Rondonia,Mar�o,20,20070101
2008,Rondonia,Mar�o,2,20080101
2009,Rondonia,Mar�o,12,20090101
2010,Rondonia,Mar�o,11,20100101
2011,Rondonia,Mar�o,6,20110101
2012,Rondonia,Mar�o,6,20120101
2013,Rondonia,Mar�o,23,20130101
2014,Rondonia,Mar�o,13,20140101
2015,Rondonia,Mar�o,15,20150101
2016,Rondonia,Mar�o,25,20160101
2017,Rondonia,Mar�o,21,20170101
1998,Rondonia,Abril,0,19980101
1999,Rondonia,Abril,3,19990101
2000,Rondonia,Abril,0,20000101
2001,Rondonia,Abril,0,20010101
2002,Rondonia,Abril,3,20020101
2003,Rondonia,Abril,10,20030101
2004,Rondonia,Abril,14,20040101
2005,Rondonia,Abril,7,20050101
2006,Rondonia,Abril,0,20060101
2007,Rondonia,Abril,0,20070101
2008,Rondonia,Abril,8,20080101
2009,Rondonia,Abril,3,20090101
2010,Rondonia,Abril,19,20100101
2011,Rondonia,Abril,8,20110101
2012,Rondonia,Abril,12,20120101
2013,Rondonia,Abril,9,20130101
2014,Rondonia,Abril,15,20140101
2015,Rondonia,Abril,15,20150101
2016,Rondonia,Abril,59,20160101
2017,Rondonia,Abril,19,20170101
1998,Rondonia,Maio,0,19980101
1999,Rondonia,Maio,3,19990101
2000,Rondonia,Maio,13,20000101
2001,Rondonia,Maio,5,20010101
2002,Rondonia,Maio,10,20020101
2003,Rondonia,Maio,21,20030101
2004,Rondonia,Maio,9,20040101
2005,Rondonia,Maio,38,20050101
2006,Rondonia,Maio,7,20060101
2007,Rondonia,Maio,4,20070101
2008,Rondonia,Maio,1,20080101
2009,Rondonia,Maio,6,20090101
2010,Rondonia,Maio,41,20100101
2011,Rondonia,Maio,54,20110101
2012,Rondonia,Maio,22,20120101
2013,Rondonia,Maio,9,20130101
2014,Rondonia,Maio,28,20140101
2015,Rondonia,Maio,13,20150101
2016,Rondonia,Maio,44,20160101
2017,Rondonia,Maio,31,20170101
1998,Rondonia,Junho,26,19980101
1999,Rondonia,Junho,10,19990101
2000,Rondonia,Junho,54,20000101
2001,Rondonia,Junho,31,20010101
2002,Rondonia,Junho,141,20020101
2003,Rondonia,Junho,74,20030101
2004,Rondonia,Junho,151,20040101
2005,Rondonia,Junho,153,20050101
2006,Rondonia,Junho,40,20060101
2007,Rondonia,Junho,71,20070101
2008,Rondonia,Junho,11,20080101
2009,Rondonia,Junho,13,20090101
2010,Rondonia,Junho,44,20100101
2011,Rondonia,Junho,130,20110101
2012,Rondonia,Junho,32,20120101
2013,Rondonia,Junho,22,20130101
2014,Rondonia,Junho,92,20140101
2015,Rondonia,Junho,119,20150101
2016,Rondonia,Junho,170,20160101
2017,Rondonia,Junho,192,20170101
1998,Rondonia,Julho,365,19980101
1999,Rondonia,Julho,135,19990101
2000,Rondonia,Julho,117,20000101
2001,Rondonia,Julho,74,20010101
2002,Rondonia,Julho,539,20020101
2003,Rondonia,Julho,516,20030101
2004,Rondonia,Julho,1.233,20040101
2005,Rondonia,Julho,798,20050101
2006,Rondonia,Julho,314,20060101
2007,Rondonia,Julho,187,20070101
2008,Rondonia,Julho,138,20080101
2009,Rondonia,Julho,110,20090101
2010,Rondonia,Julho,747,20100101
2011,Rondonia,Julho,293,20110101
2012,Rondonia,Julho,205,20120101
2013,Rondonia,Julho,117,20130101
2014,Rondonia,Julho,192,20140101
2015,Rondonia,Julho,423,20150101
2016,Rondonia,Julho,969,20160101
2017,Rondonia,Julho,1.28,20170101
1998,Rondonia,Agosto,2.254,19980101
1999,Rondonia,Agosto,1.976,19990101
2000,Rondonia,Agosto,2.197,20000101
2001,Rondonia,Agosto,2.132,20010101
2002,Rondonia,Agosto,3.465,20020101
2003,Rondonia,Agosto,7.06,20030101
2004,Rondonia,Agosto,6.893,20040101
2005,Rondonia,Agosto,6.672,20050101
2006,Rondonia,Agosto,3.124,20060101
2007,Rondonia,Agosto,4.786,20070101
2008,Rondonia,Agosto,1.251,20080101
2009,Rondonia,Agosto,484,20090101
2010,Rondonia,Agosto,4.388,20100101
2011,Rondonia,Agosto,1.161,20110101
2012,Rondonia,Agosto,2.209,20120101
2013,Rondonia,Agosto,885,20130101
2014,Rondonia,Agosto,3.038,20140101
2015,Rondonia,Agosto,3.762,20150101
2016,Rondonia,Agosto,3.675,20160101
2017,Rondonia,Agosto,4.287,20170101
1998,Rondonia,Setembro,3.753,19980101
1999,Rondonia,Setembro,3.062,19990101
2000,Rondonia,Setembro,2.438,20000101
2001,Rondonia,Setembro,1.927,20010101
2002,Rondonia,Setembro,7.067,20020101
2003,Rondonia,Setembro,6.89,20030101
2004,Rondonia,Setembro,13.05,20040101
2005,Rondonia,Setembro,13.972,20050101
2006,Rondonia,Setembro,9.92,20060101
2007,Rondonia,Setembro,6.832,20070101
2008,Rondonia,Setembro,3.726,20080101
2009,Rondonia,Setembro,1.869,20090101
2010,Rondonia,Setembro,4.893,20100101
2011,Rondonia,Setembro,1.782,20110101
2012,Rondonia,Setembro,2.471,20120101
2013,Rondonia,Setembro,1.776,20130101
2014,Rondonia,Setembro,2.8,20140101
2015,Rondonia,Setembro,6.129,20150101
2016,Rondonia,Setembro,4.208,20160101
2017,Rondonia,Setembro,5.638,20170101
1998,Rondonia,Outubro,483,19980101
1999,Rondonia,Outubro,1.884,19990101
2000,Rondonia,Outubro,644,20000101
2001,Rondonia,Outubro,796,20010101
2002,Rondonia,Outubro,3.554,20020101
2003,Rondonia,Outubro,4.962,20030101
2004,Rondonia,Outubro,3.094,20040101
2005,Rondonia,Outubro,2.559,20050101
2006,Rondonia,Outubro,1.148,20060101
2007,Rondonia,Outubro,2.023,20070101
2008,Rondonia,Outubro,1.482,20080101
2009,Rondonia,Outubro,1.444,20090101
2010,Rondonia,Outubro,1.307,20100101
2011,Rondonia,Outubro,822,20110101
2012,Rondonia,Outubro,1.229,20120101
2013,Rondonia,Outubro,555,20130101
2014,Rondonia,Outubro,1.063,20140101
2015,Rondonia,Outubro,2.598,20150101
2016,Rondonia,Outubro,1.844,20160101
2017,Rondonia,Outubro,2.19,20170101
1998,Rondonia,Novembro,3,19980101
1999,Rondonia,Novembro,41,19990101
2000,Rondonia,Novembro,13,20000101
2001,Rondonia,Novembro,91,20010101
2002,Rondonia,Novembro,639,20020101
2003,Rondonia,Novembro,526,20030101
2004,Rondonia,Novembro,452,20040101
2005,Rondonia,Novembro,465,20050101
2006,Rondonia,Novembro,253,20060101
2007,Rondonia,Novembro,53,20070101
2008,Rondonia,Novembro,78,20080101
2009,Rondonia,Novembro,128,20090101
2010,Rondonia,Novembro,238,20100101
2011,Rondonia,Novembro,245,20110101
2012,Rondonia,Novembro,174,20120101
2013,Rondonia,Novembro,108,20130101
2014,Rondonia,Novembro,202,20140101
2015,Rondonia,Novembro,1.002,20150101
2016,Rondonia,Novembro,401,20160101
2017,Rondonia,Novembro,372,20170101
1998,Rondonia,Dezembro,33,19980101
1999,Rondonia,Dezembro,0,19990101
2000,Rondonia,Dezembro,7,20000101
2001,Rondonia,Dezembro,1,20010101
2002,Rondonia,Dezembro,91,20020101
2003,Rondonia,Dezembro,214,20030101
2004,Rondonia,Dezembro,208,20040101
2005,Rondonia,Dezembro,36,20050101
2006,Rondonia,Dezembro,4,20060101
2007,Rondonia,Dezembro,6,20070101
2008,Rondonia,Dezembro,2,20080101
2009,Rondonia,Dezembro,9,20090101
2010,Rondonia,Dezembro,158,20100101
2011,Rondonia,Dezembro,37,20110101
2012,Rondonia,Dezembro,50,20120101
2013,Rondonia,Dezembro,143,20130101
2014,Rondonia,Dezembro,144,20140101
2015,Rondonia,Dezembro,282,20150101
2016,Rondonia,Dezembro,148,20160101
1998,Roraima,Janeiro,0,19980101
1999,Roraima,Janeiro,15,19990101
2000,Roraima,Janeiro,18,20000101
2001,Roraima,Janeiro,101,20010101
2002,Roraima,Janeiro,302,20020101
2003,Roraima,Janeiro,547,20030101
2004,Roraima,Janeiro,355,20040101
2005,Roraima,Janeiro,106,20050101
2006,Roraima,Janeiro,70,20060101
2007,Roraima,Janeiro,194,20070101
2008,Roraima,Janeiro,245,20080101
2009,Roraima,Janeiro,45,20090101
2010,Roraima,Janeiro,351,20100101
2011,Roraima,Janeiro,225,20110101
2012,Roraima,Janeiro,217,20120101
2013,Roraima,Janeiro,397,20130101
2014,Roraima,Janeiro,355,20140101
2015,Roraima,Janeiro,330,20150101
2016,Roraima,Janeiro,1.754,20160101
2017,Roraima,Janeiro,108,20170101
1998,Roraima,Fevereiro,0,19980101
1999,Roraima,Fevereiro,20,19990101
2000,Roraima,Fevereiro,57,20000101
2001,Roraima,Fevereiro,646,20010101
2002,Roraima,Fevereiro,476,20020101
2003,Roraima,Fevereiro,767,20030101
2004,Roraima,Fevereiro,259,20040101
2005,Roraima,Fevereiro,105,20050101
2006,Roraima,Fevereiro,283,20060101
2007,Roraima,Fevereiro,796,20070101
2008,Roraima,Fevereiro,138,20080101
2009,Roraima,Fevereiro,153,20090101
2010,Roraima,Fevereiro,470,20100101
2011,Roraima,Fevereiro,112,20110101
2012,Roraima,Fevereiro,130,20120101
2013,Roraima,Fevereiro,62,20130101
2014,Roraima,Fevereiro,226,20140101
2015,Roraima,Fevereiro,418,20150101
2016,Roraima,Fevereiro,171,20160101
2017,Roraima,Fevereiro,129,20170101
1998,Roraima,Mar�o,0,19980101
1999,Roraima,Mar�o,98,19990101
2000,Roraima,Mar�o,125,20000101
2001,Roraima,Mar�o,1.108,20010101
2002,Roraima,Mar�o,820,20020101
2003,Roraima,Mar�o,1.131,20030101
2004,Roraima,Mar�o,276,20040101
2005,Roraima,Mar�o,244,20050101
2006,Roraima,Mar�o,385,20060101
2007,Roraima,Mar�o,665,20070101
2008,Roraima,Mar�o,422,20080101
2009,Roraima,Mar�o,176,20090101
2010,Roraima,Mar�o,417,20100101
2011,Roraima,Mar�o,91,20110101
2012,Roraima,Mar�o,99,20120101
2013,Roraima,Mar�o,179,20130101
2014,Roraima,Mar�o,494,20140101
2015,Roraima,Mar�o,163,20150101
2016,Roraima,Mar�o,1.081,20160101
2017,Roraima,Mar�o,216,20170101
1998,Roraima,Abril,0,19980101
1999,Roraima,Abril,16,19990101
2000,Roraima,Abril,0,20000101
2001,Roraima,Abril,380,20010101
2002,Roraima,Abril,41,20020101
2003,Roraima,Abril,268,20030101
2004,Roraima,Abril,182,20040101
2005,Roraima,Abril,22,20050101
2006,Roraima,Abril,201,20060101
2007,Roraima,Abril,58,20070101
2008,Roraima,Abril,175,20080101
2009,Roraima,Abril,115,20090101
2010,Roraima,Abril,15,20100101
2011,Roraima,Abril,108,20110101
2012,Roraima,Abril,25,20120101
2013,Roraima,Abril,87,20130101
2014,Roraima,Abril,162,20140101
2015,Roraima,Abril,278,20150101
2016,Roraima,Abril,126,20160101
2017,Roraima,Abril,51,20170101
1998,Roraima,Maio,0,19980101
1999,Roraima,Maio,0,19990101
2000,Roraima,Maio,7,20000101
2001,Roraima,Maio,9,20010101
2002,Roraima,Maio,0,20020101
2003,Roraima,Maio,0,20030101
2004,Roraima,Maio,2,20040101
2005,Roraima,Maio,1,20050101
2006,Roraima,Maio,0,20060101
2007,Roraima,Maio,0,20070101
2008,Roraima,Maio,8,20080101
2009,Roraima,Maio,219,20090101
2010,Roraima,Maio,3,20100101
2011,Roraima,Maio,4,20110101
2012,Roraima,Maio,18,20120101
2013,Roraima,Maio,4,20130101
2014,Roraima,Maio,58,20140101
2015,Roraima,Maio,12,20150101
2016,Roraima,Maio,22,20160101
2017,Roraima,Maio,29,20170101
1998,Roraima,Junho,0,19980101
1999,Roraima,Junho,3,19990101
2000,Roraima,Junho,0,20000101
2001,Roraima,Junho,1,20010101
2002,Roraima,Junho,0,20020101
2003,Roraima,Junho,0,20030101
2004,Roraima,Junho,6,20040101
2005,Roraima,Junho,5,20050101
2006,Roraima,Junho,0,20060101
2007,Roraima,Junho,1,20070101
2008,Roraima,Junho,0,20080101
2009,Roraima,Junho,16,20090101
2010,Roraima,Junho,0,20100101
2011,Roraima,Junho,6,20110101
2012,Roraima,Junho,22,20120101
2013,Roraima,Junho,6,20130101
2014,Roraima,Junho,4,20140101
2015,Roraima,Junho,3,20150101
2016,Roraima,Junho,7,20160101
2017,Roraima,Junho,4,20170101
1998,Roraima,Julho,1,19980101
1999,Roraima,Julho,4,19990101
2000,Roraima,Julho,0,20000101
2001,Roraima,Julho,1,20010101
2002,Roraima,Julho,7,20020101
2003,Roraima,Julho,0,20030101
2004,Roraima,Julho,2,20040101
2005,Roraima,Julho,2,20050101
2006,Roraima,Julho,0,20060101
2007,Roraima,Julho,3,20070101
2008,Roraima,Julho,0,20080101
2009,Roraima,Julho,18,20090101
2010,Roraima,Julho,1,20100101
2011,Roraima,Julho,9,20110101
2012,Roraima,Julho,2,20120101
2013,Roraima,Julho,4,20130101
2014,Roraima,Julho,9,20140101
2015,Roraima,Julho,5,20150101
2016,Roraima,Julho,0,20160101
2017,Roraima,Julho,3,20170101
1998,Roraima,Agosto,0,19980101
1999,Roraima,Agosto,1,19990101
2000,Roraima,Agosto,9,20000101
2001,Roraima,Agosto,4,20010101
2002,Roraima,Agosto,7,20020101
2003,Roraima,Agosto,2,20030101
2004,Roraima,Agosto,18,20040101
2005,Roraima,Agosto,9,20050101
2006,Roraima,Agosto,4,20060101
2007,Roraima,Agosto,2,20070101
2008,Roraima,Agosto,4,20080101
2009,Roraima,Agosto,29,20090101
2010,Roraima,Agosto,3,20100101
2011,Roraima,Agosto,39,20110101
2012,Roraima,Agosto,4,20120101
2013,Roraima,Agosto,3,20130101
2014,Roraima,Agosto,12,20140101
2015,Roraima,Agosto,11,20150101
2016,Roraima,Agosto,11,20160101
2017,Roraima,Agosto,35,20170101
1998,Roraima,Setembro,2,19980101
1999,Roraima,Setembro,3,19990101
2000,Roraima,Setembro,12,20000101
2001,Roraima,Setembro,1,20010101
2002,Roraima,Setembro,48,20020101
2003,Roraima,Setembro,6,20030101
2004,Roraima,Setembro,9,20040101
2005,Roraima,Setembro,72,20050101
2006,Roraima,Setembro,40,20060101
2007,Roraima,Setembro,9,20070101
2008,Roraima,Setembro,17,20080101
2009,Roraima,Setembro,117,20090101
2010,Roraima,Setembro,18,20100101
2011,Roraima,Setembro,53,20110101
2012,Roraima,Setembro,67,20120101
2013,Roraima,Setembro,18,20130101
2014,Roraima,Setembro,67,20140101
2015,Roraima,Setembro,77,20150101
2016,Roraima,Setembro,19,20160101
2017,Roraima,Setembro,43,20170101
1998,Roraima,Outubro,1,19980101
1999,Roraima,Outubro,10,19990101
2000,Roraima,Outubro,25,20000101
2001,Roraima,Outubro,13,20010101
2002,Roraima,Outubro,191,20020101
2003,Roraima,Outubro,14,20030101
2004,Roraima,Outubro,53,20040101
2005,Roraima,Outubro,88,20050101
2006,Roraima,Outubro,135,20060101
2007,Roraima,Outubro,15,20070101
2008,Roraima,Outubro,78,20080101
2009,Roraima,Outubro,197,20090101
2010,Roraima,Outubro,64,20100101
2011,Roraima,Outubro,65,20110101
2012,Roraima,Outubro,152,20120101
2013,Roraima,Outubro,63,20130101
2014,Roraima,Outubro,61,20140101
2015,Roraima,Outubro,181,20150101
2016,Roraima,Outubro,101,20160101
2017,Roraima,Outubro,156,20170101
1998,Roraima,Novembro,1,19980101
1999,Roraima,Novembro,15,19990101
2000,Roraima,Novembro,32,20000101
2001,Roraima,Novembro,76,20010101
2002,Roraima,Novembro,133,20020101
2003,Roraima,Novembro,27,20030101
2004,Roraima,Novembro,135,20040101
2005,Roraima,Novembro,135,20050101
2006,Roraima,Novembro,26,20060101
2007,Roraima,Novembro,112,20070101
2008,Roraima,Novembro,39,20080101
2009,Roraima,Novembro,312,20090101
2010,Roraima,Novembro,27,20100101
2011,Roraima,Novembro,121,20110101
2012,Roraima,Novembro,187,20120101
2013,Roraima,Novembro,106,20130101
2014,Roraima,Novembro,143,20140101
2015,Roraima,Novembro,280,20150101
2016,Roraima,Novembro,71,20160101
2017,Roraima,Novembro,327,20170101
1998,Roraima,Dezembro,16,19980101
1999,Roraima,Dezembro,35,19990101
2000,Roraima,Dezembro,77,20000101
2001,Roraima,Dezembro,76,20010101
2002,Roraima,Dezembro,199,20020101
2003,Roraima,Dezembro,157,20030101
2004,Roraima,Dezembro,160,20040101
2005,Roraima,Dezembro,71,20050101
2006,Roraima,Dezembro,101,20060101
2007,Roraima,Dezembro,8,20070101
2008,Roraima,Dezembro,5,20080101
2009,Roraima,Dezembro,290,20090101
2010,Roraima,Dezembro,73,20100101
2011,Roraima,Dezembro,249,20110101
2012,Roraima,Dezembro,78,20120101
2013,Roraima,Dezembro,65,20130101
2014,Roraima,Dezembro,277,20140101
2015,Roraima,Dezembro,304,20150101
2016,Roraima,Dezembro,136,20160101
1998,Tocantins,Janeiro,0,19980101
1999,Tocantins,Janeiro,36,19990101
2000,Tocantins,Janeiro,15,20000101
2001,Tocantins,Janeiro,19,20010101
2002,Tocantins,Janeiro,35,20020101
2003,Tocantins,Janeiro,35,20030101
2004,Tocantins,Janeiro,40,20040101
2005,Tocantins,Janeiro,66,20050101
2006,Tocantins,Janeiro,91,20060101
2007,Tocantins,Janeiro,34,20070101
2008,Tocantins,Janeiro,28,20080101
2009,Tocantins,Janeiro,43,20090101
2010,Tocantins,Janeiro,79,20100101
2011,Tocantins,Janeiro,14,20110101
2012,Tocantins,Janeiro,12,20120101
2013,Tocantins,Janeiro,50,20130101
2014,Tocantins,Janeiro,89,20140101
2015,Tocantins,Janeiro,186,20150101
2016,Tocantins,Janeiro,42,20160101
2017,Tocantins,Janeiro,61,20170101
1998,Tocantins,Fevereiro,0,19980101
1999,Tocantins,Fevereiro,1,19990101
2000,Tocantins,Fevereiro,6,20000101
2001,Tocantins,Fevereiro,6,20010101
2002,Tocantins,Fevereiro,48,20020101
2003,Tocantins,Fevereiro,15,20030101
2004,Tocantins,Fevereiro,7,20040101
2005,Tocantins,Fevereiro,27,20050101
2006,Tocantins,Fevereiro,14,20060101
2007,Tocantins,Fevereiro,8,20070101
2008,Tocantins,Fevereiro,6,20080101
2009,Tocantins,Fevereiro,21,20090101
2010,Tocantins,Fevereiro,32,20100101
2011,Tocantins,Fevereiro,13,20110101
2012,Tocantins,Fevereiro,45,20120101
2013,Tocantins,Fevereiro,37,20130101
2014,Tocantins,Fevereiro,73,20140101
2015,Tocantins,Fevereiro,65,20150101
2016,Tocantins,Fevereiro,383,20160101
2017,Tocantins,Fevereiro,25,20170101
1998,Tocantins,Mar�o,0,19980101
1999,Tocantins,Mar�o,1,19990101
2000,Tocantins,Mar�o,4,20000101
2001,Tocantins,Mar�o,0,20010101
2002,Tocantins,Mar�o,33,20020101
2003,Tocantins,Mar�o,19,20030101
2004,Tocantins,Mar�o,23,20040101
2005,Tocantins,Mar�o,13,20050101
2006,Tocantins,Mar�o,11,20060101
2007,Tocantins,Mar�o,99,20070101
2008,Tocantins,Mar�o,4,20080101
2009,Tocantins,Mar�o,23,20090101
2010,Tocantins,Mar�o,120,20100101
2011,Tocantins,Mar�o,16,20110101
2012,Tocantins,Mar�o,80,20120101
2013,Tocantins,Mar�o,60,20130101
2014,Tocantins,Mar�o,58,20140101
2015,Tocantins,Mar�o,85,20150101
2016,Tocantins,Mar�o,165,20160101
2017,Tocantins,Mar�o,98,20170101
1998,Tocantins,Abril,0,19980101
1999,Tocantins,Abril,9,19990101
2000,Tocantins,Abril,0,20000101
2001,Tocantins,Abril,19,20010101
2002,Tocantins,Abril,37,20020101
2003,Tocantins,Abril,64,20030101
2004,Tocantins,Abril,52,20040101
2005,Tocantins,Abril,52,20050101
2006,Tocantins,Abril,4,20060101
2007,Tocantins,Abril,22,20070101
2008,Tocantins,Abril,46,20080101
2009,Tocantins,Abril,5,20090101
2010,Tocantins,Abril,419,20100101
2011,Tocantins,Abril,106,20110101
2012,Tocantins,Abril,226,20120101
2013,Tocantins,Abril,130,20130101
2014,Tocantins,Abril,187,20140101
2015,Tocantins,Abril,88,20150101
2016,Tocantins,Abril,369,20160101
2017,Tocantins,Abril,164,20170101
1998,Tocantins,Maio,0,19980101
1999,Tocantins,Maio,24,19990101
2000,Tocantins,Maio,69,20000101
2001,Tocantins,Maio,48,20010101
2002,Tocantins,Maio,138,20020101
2003,Tocantins,Maio,96,20030101
2004,Tocantins,Maio,350,20040101
2005,Tocantins,Maio,236,20050101
2006,Tocantins,Maio,35,20060101
2007,Tocantins,Maio,250,20070101
2008,Tocantins,Maio,81,20080101
2009,Tocantins,Maio,91,20090101
2010,Tocantins,Maio,580,20100101
2011,Tocantins,Maio,354,20110101
2012,Tocantins,Maio,467,20120101
2013,Tocantins,Maio,373,20130101
2014,Tocantins,Maio,618,20140101
2015,Tocantins,Maio,512,20150101
2016,Tocantins,Maio,778,20160101
2017,Tocantins,Maio,576,20170101
1998,Tocantins,Junho,252,19980101
1999,Tocantins,Junho,113,19990101
2000,Tocantins,Junho,278,20000101
2001,Tocantins,Junho,305,20010101
2002,Tocantins,Junho,396,20020101
2003,Tocantins,Junho,329,20030101
2004,Tocantins,Junho,1.079,20040101
2005,Tocantins,Junho,669,20050101
2006,Tocantins,Junho,289,20060101
2007,Tocantins,Junho,591,20070101
2008,Tocantins,Junho,282,20080101
2009,Tocantins,Junho,421,20090101
2010,Tocantins,Junho,767,20100101
2011,Tocantins,Junho,717,20110101
2012,Tocantins,Junho,922,20120101
2013,Tocantins,Junho,873,20130101
2014,Tocantins,Junho,1.372,20140101
2015,Tocantins,Junho,1.15,20150101
2016,Tocantins,Junho,1.148,20160101
2017,Tocantins,Junho,1.32,20170101
1998,Tocantins,Julho,640,19980101
1999,Tocantins,Julho,373,19990101
2000,Tocantins,Julho,500,20000101
2001,Tocantins,Julho,830,20010101
2002,Tocantins,Julho,976,20020101
2003,Tocantins,Julho,762,20030101
2004,Tocantins,Julho,1.389,20040101
2005,Tocantins,Julho,1.082,20050101
2006,Tocantins,Julho,430,20060101
2007,Tocantins,Julho,982,20070101
2008,Tocantins,Julho,441,20080101
2009,Tocantins,Julho,989,20090101
2010,Tocantins,Julho,2.408,20100101
2011,Tocantins,Julho,1.001,20110101
2012,Tocantins,Julho,1.693,20120101
2013,Tocantins,Julho,1.393,20130101
2014,Tocantins,Julho,1.404,20140101
2015,Tocantins,Julho,1.217,20150101
2016,Tocantins,Julho,2.737,20160101
2017,Tocantins,Julho,2.397,20170101
1998,Tocantins,Agosto,3.747,19980101
1999,Tocantins,Agosto,1.284,19990101
2000,Tocantins,Agosto,1.949,20000101
2001,Tocantins,Agosto,2.242,20010101
2002,Tocantins,Agosto,3.027,20020101
2003,Tocantins,Agosto,1.339,20030101
2004,Tocantins,Agosto,1.776,20040101
2005,Tocantins,Agosto,1.84,20050101
2006,Tocantins,Agosto,1.277,20060101
2007,Tocantins,Agosto,4.747,20070101
2008,Tocantins,Agosto,845,20080101
2009,Tocantins,Agosto,1.124,20090101
2010,Tocantins,Agosto,7.865,20100101
2011,Tocantins,Agosto,1.668,20110101
2012,Tocantins,Agosto,4.28,20120101
2013,Tocantins,Agosto,1.81,20130101
2014,Tocantins,Agosto,2.917,20140101
2015,Tocantins,Agosto,2.54,20150101
2016,Tocantins,Agosto,3.213,20160101
2017,Tocantins,Agosto,3.536,20170101
1998,Tocantins,Setembro,5.149,19980101
1999,Tocantins,Setembro,3.415,19990101
2000,Tocantins,Setembro,2.552,20000101
2001,Tocantins,Setembro,4.839,20010101
2002,Tocantins,Setembro,5.314,20020101
2003,Tocantins,Setembro,4.637,20030101
2004,Tocantins,Setembro,5.308,20040101
2005,Tocantins,Setembro,5.319,20050101
2006,Tocantins,Setembro,2.979,20060101
2007,Tocantins,Setembro,6.829,20070101
2008,Tocantins,Setembro,2.39,20080101
2009,Tocantins,Setembro,2.017,20090101
2010,Tocantins,Setembro,10.172,20100101
2011,Tocantins,Setembro,4.658,20110101
2012,Tocantins,Setembro,7.46,20120101
2013,Tocantins,Setembro,2.445,20130101
2014,Tocantins,Setembro,3.52,20140101
2015,Tocantins,Setembro,5.51,20150101
2016,Tocantins,Setembro,3.245,20160101
2017,Tocantins,Setembro,10.737,20170101
1998,Tocantins,Outubro,1.738,19980101
1999,Tocantins,Outubro,1.378,19990101
2000,Tocantins,Outubro,1.053,20000101
2001,Tocantins,Outubro,684,20010101
2002,Tocantins,Outubro,1.537,20020101
2003,Tocantins,Outubro,1.339,20030101
2004,Tocantins,Outubro,1.658,20040101
2005,Tocantins,Outubro,2.913,20050101
2006,Tocantins,Outubro,1.176,20060101
2007,Tocantins,Outubro,2.252,20070101
2008,Tocantins,Outubro,2.832,20080101
2009,Tocantins,Outubro,718,20090101
2010,Tocantins,Outubro,2.272,20100101
2011,Tocantins,Outubro,1.591,20110101
2012,Tocantins,Outubro,3.68,20120101
2013,Tocantins,Outubro,2.155,20130101
2014,Tocantins,Outubro,4,20140101
2015,Tocantins,Outubro,4.844,20150101
2016,Tocantins,Outubro,2.032,20160101
2017,Tocantins,Outubro,2.969,20170101
1998,Tocantins,Novembro,1,19980101
1999,Tocantins,Novembro,29,19990101
2000,Tocantins,Novembro,96,20000101
2001,Tocantins,Novembro,100,20010101
2002,Tocantins,Novembro,207,20020101
2003,Tocantins,Novembro,146,20030101
2004,Tocantins,Novembro,424,20040101
2005,Tocantins,Novembro,271,20050101
2006,Tocantins,Novembro,108,20060101
2007,Tocantins,Novembro,147,20070101
2008,Tocantins,Novembro,104,20080101
2009,Tocantins,Novembro,251,20090101
2010,Tocantins,Novembro,283,20100101
2011,Tocantins,Novembro,144,20110101
2012,Tocantins,Novembro,179,20120101
2013,Tocantins,Novembro,345,20130101
2014,Tocantins,Novembro,451,20140101
2015,Tocantins,Novembro,833,20150101
2016,Tocantins,Novembro,623,20160101
2017,Tocantins,Novembro,434,20170101
1998,Tocantins,Dezembro,9,19980101
1999,Tocantins,Dezembro,16,19990101
2000,Tocantins,Dezembro,20,20000101
2001,Tocantins,Dezembro,21,20010101
2002,Tocantins,Dezembro,39,20020101
2003,Tocantins,Dezembro,109,20030101
2004,Tocantins,Dezembro,96,20040101
2005,Tocantins,Dezembro,53,20050101
2006,Tocantins,Dezembro,15,20060101
2007,Tocantins,Dezembro,13,20070101
2008,Tocantins,Dezembro,7,20080101
2009,Tocantins,Dezembro,46,20090101
2010,Tocantins,Dezembro,72,20100101
2011,Tocantins,Dezembro,105,20110101
2012,Tocantins,Dezembro,128,20120101
2013,Tocantins,Dezembro,85,20130101
2014,Tocantins,Dezembro,223,20140101
2015,Tocantins,Dezembro,373,20150101
2016,Tocantins,Dezembro,119,20160101